2026-06-10 23:20:59,880 INFO app.services.ingestion_service: run 1: pipeline started (source_file=documents_1.jsonl, status=queued)
2026-06-10 23:20:59,880 ERROR app.processing.raw_load_worker: run 1: line 7 skipped (empty): expected a non-empty JSON object
2026-06-10 23:20:59,882 ERROR app.processing.raw_load_worker: run 1: line 68 skipped (empty): expected a non-empty JSON object
2026-06-10 23:20:59,882 ERROR app.processing.raw_load_worker: run 1: line 87 skipped (not_object): expected a JSON object, got list
2026-06-10 23:20:59,882 ERROR app.processing.raw_load_worker: run 1: line 88 skipped (broken_stub): broken stub record
2026-06-10 23:20:59,882 ERROR app.processing.raw_load_worker: run 1: line 92 skipped (empty): expected a non-empty JSON object
2026-06-10 23:20:59,883 ERROR app.processing.raw_load_worker: run 1: line 132 skipped (broken_stub): broken stub record
2026-06-10 23:20:59,883 ERROR app.processing.raw_load_worker: run 1: line 177 skipped (broken_stub): broken stub record
2026-06-10 23:20:59,884 ERROR app.processing.raw_load_worker: run 1: line 189 skipped (broken_stub): broken stub record
2026-06-10 23:20:59,884 ERROR app.processing.raw_load_worker: run 1: line 222 skipped (broken_stub): broken stub record
2026-06-10 23:20:59,885 ERROR app.processing.raw_load_worker: run 1: line 231 skipped (empty): expected a non-empty JSON object
2026-06-10 23:20:59,885 ERROR app.processing.raw_load_worker: run 1: line 242 skipped (not_object): expected a JSON object, got list
2026-06-10 23:20:59,885 ERROR app.processing.raw_load_worker: run 1: line 247 skipped (broken_stub): broken stub record
2026-06-10 23:20:59,886 ERROR app.processing.raw_load_worker: run 1: line 296 skipped (not_object): expected a JSON object, got list
2026-06-10 23:20:59,886 ERROR app.processing.raw_load_worker: run 1: line 300 skipped (not_object): expected a JSON object, got list
2026-06-10 23:20:59,886 ERROR app.processing.raw_load_worker: run 1: line 302 skipped (empty): expected a non-empty JSON object
2026-06-10 23:20:59,887 ERROR app.processing.raw_load_worker: run 1: line 364 skipped (not_object): expected a JSON object, got list
2026-06-10 23:20:59,888 ERROR app.processing.raw_load_worker: run 1: line 440 skipped (broken_stub): broken stub record
2026-06-10 23:20:59,888 ERROR app.processing.raw_load_worker: run 1: line 460 skipped (empty): expected a non-empty JSON object
2026-06-10 23:20:59,889 ERROR app.processing.raw_load_worker: run 1: line 482 skipped (empty): expected a non-empty JSON object
2026-06-10 23:20:59,889 ERROR app.processing.raw_load_worker: run 1: line 485 skipped (empty): expected a non-empty JSON object
2026-06-10 23:20:59,889 ERROR app.processing.raw_load_worker: run 1: line 511 skipped (empty): expected a non-empty JSON object
2026-06-10 23:20:59,890 ERROR app.processing.raw_load_worker: run 1: line 522 skipped (not_object): expected a JSON object, got list
2026-06-10 23:20:59,890 ERROR app.processing.raw_load_worker: run 1: line 553 skipped (empty): expected a non-empty JSON object
2026-06-10 23:20:59,891 ERROR app.processing.raw_load_worker: run 1: line 591 skipped (broken_stub): broken stub record
2026-06-10 23:20:59,891 ERROR app.processing.raw_load_worker: run 1: line 597 skipped (empty): expected a non-empty JSON object
2026-06-10 23:20:59,892 ERROR app.processing.raw_load_worker: run 1: line 609 skipped (empty): expected a non-empty JSON object
2026-06-10 23:20:59,893 ERROR app.processing.raw_load_worker: run 1: line 690 skipped (empty): expected a non-empty JSON object
2026-06-10 23:20:59,893 ERROR app.processing.raw_load_worker: run 1: line 704 skipped (broken_stub): broken stub record
2026-06-10 23:20:59,893 ERROR app.processing.raw_load_worker: run 1: line 714 skipped (empty): expected a non-empty JSON object
2026-06-10 23:20:59,894 ERROR app.processing.raw_load_worker: run 1: line 720 skipped (empty): expected a non-empty JSON object
2026-06-10 23:20:59,894 ERROR app.processing.raw_load_worker: run 1: line 742 skipped (broken_stub): broken stub record
2026-06-10 23:20:59,894 ERROR app.processing.raw_load_worker: run 1: line 756 skipped (broken_stub): broken stub record
2026-06-10 23:20:59,894 ERROR app.processing.raw_load_worker: run 1: line 763 skipped (broken_stub): broken stub record
2026-06-10 23:20:59,895 ERROR app.processing.raw_load_worker: run 1: line 789 skipped (not_object): expected a JSON object, got list
2026-06-10 23:20:59,895 ERROR app.processing.raw_load_worker: run 1: line 790 skipped (broken_stub): broken stub record
2026-06-10 23:20:59,895 ERROR app.processing.raw_load_worker: run 1: line 814 skipped (broken_stub): broken stub record
2026-06-10 23:20:59,896 ERROR app.processing.raw_load_worker: run 1: line 848 skipped (broken_stub): broken stub record
2026-06-10 23:20:59,896 ERROR app.processing.raw_load_worker: run 1: line 856 skipped (broken_stub): broken stub record
2026-06-10 23:20:59,896 ERROR app.processing.raw_load_worker: run 1: line 881 skipped (broken_stub): broken stub record
2026-06-10 23:20:59,897 ERROR app.processing.raw_load_worker: run 1: line 908 skipped (empty): expected a non-empty JSON object
2026-06-10 23:20:59,897 ERROR app.processing.raw_load_worker: run 1: line 914 skipped (broken_stub): broken stub record
2026-06-10 23:20:59,897 ERROR app.processing.raw_load_worker: run 1: line 917 skipped (empty): expected a non-empty JSON object
2026-06-10 23:20:59,897 ERROR app.processing.raw_load_worker: run 1: line 922 skipped (not_object): expected a JSON object, got list
2026-06-10 23:20:59,897 ERROR app.processing.raw_load_worker: run 1: line 931 skipped (not_object): expected a JSON object, got list
2026-06-10 23:20:59,898 ERROR app.processing.raw_load_worker: run 1: line 949 skipped (empty): expected a non-empty JSON object
2026-06-10 23:20:59,898 ERROR app.processing.raw_load_worker: run 1: line 965 skipped (broken_stub): broken stub record
2026-06-10 23:20:59,898 ERROR app.processing.raw_load_worker: run 1: line 976 skipped (broken_stub): broken stub record
2026-06-10 23:20:59,898 ERROR app.processing.raw_load_worker: run 1: line 979 skipped (empty): expected a non-empty JSON object
2026-06-10 23:20:59,899 ERROR app.processing.raw_load_worker: run 1: line 1046 skipped (broken_stub): broken stub record
2026-06-10 23:20:59,899 ERROR app.processing.raw_load_worker: run 1: line 1048 skipped (empty): expected a non-empty JSON object
2026-06-10 23:20:59,900 ERROR app.processing.raw_load_worker: run 1: line 1076 skipped (broken_stub): broken stub record
2026-06-10 23:20:59,900 ERROR app.processing.raw_load_worker: run 1: line 1081 skipped (not_object): expected a JSON object, got list
2026-06-10 23:20:59,900 ERROR app.processing.raw_load_worker: run 1: line 1108 skipped (not_object): expected a JSON object, got list
2026-06-10 23:20:59,902 ERROR app.processing.raw_load_worker: run 1: line 1146 skipped (not_object): expected a JSON object, got list
2026-06-10 23:20:59,902 ERROR app.processing.raw_load_worker: run 1: line 1155 skipped (broken_stub): broken stub record
2026-06-10 23:20:59,903 ERROR app.processing.raw_load_worker: run 1: line 1166 skipped (empty): expected a non-empty JSON object
2026-06-10 23:20:59,903 ERROR app.processing.raw_load_worker: run 1: line 1175 skipped (empty): expected a non-empty JSON object
2026-06-10 23:20:59,904 ERROR app.processing.raw_load_worker: run 1: line 1179 skipped (broken_stub): broken stub record
2026-06-10 23:20:59,904 ERROR app.processing.raw_load_worker: run 1: line 1194 skipped (broken_stub): broken stub record
2026-06-10 23:20:59,905 ERROR app.processing.raw_load_worker: run 1: line 1199 skipped (broken_stub): broken stub record
2026-06-10 23:20:59,906 ERROR app.processing.raw_load_worker: run 1: line 1203 skipped (empty): expected a non-empty JSON object
2026-06-10 23:20:59,906 ERROR app.processing.raw_load_worker: run 1: line 1205 skipped (broken_stub): broken stub record
2026-06-10 23:20:59,906 ERROR app.processing.raw_load_worker: run 1: line 1211 skipped (not_object): expected a JSON object, got list
2026-06-10 23:20:59,906 ERROR app.processing.raw_load_worker: run 1: line 1223 skipped (broken_stub): broken stub record
2026-06-10 23:20:59,908 ERROR app.processing.raw_load_worker: run 1: line 1233 skipped (empty): expected a non-empty JSON object
2026-06-10 23:20:59,909 ERROR app.processing.raw_load_worker: run 1: line 1266 skipped (broken_stub): broken stub record
2026-06-10 23:20:59,910 ERROR app.processing.raw_load_worker: run 1: line 1277 skipped (broken_stub): broken stub record
2026-06-10 23:20:59,910 ERROR app.processing.raw_load_worker: run 1: line 1289 skipped (broken_stub): broken stub record
2026-06-10 23:20:59,910 ERROR app.processing.raw_load_worker: run 1: line 1290 skipped (not_object): expected a JSON object, got list
2026-06-10 23:20:59,910 ERROR app.processing.raw_load_worker: run 1: line 1295 skipped (empty): expected a non-empty JSON object
2026-06-10 23:20:59,911 ERROR app.processing.raw_load_worker: run 1: line 1311 skipped (empty): expected a non-empty JSON object
2026-06-10 23:20:59,911 ERROR app.processing.raw_load_worker: run 1: line 1325 skipped (empty): expected a non-empty JSON object
2026-06-10 23:20:59,912 ERROR app.processing.raw_load_worker: run 1: line 1336 skipped (broken_stub): broken stub record
2026-06-10 23:20:59,912 ERROR app.processing.raw_load_worker: run 1: line 1345 skipped (empty): expected a non-empty JSON object
2026-06-10 23:20:59,913 ERROR app.processing.raw_load_worker: run 1: line 1375 skipped (broken_stub): broken stub record
2026-06-10 23:20:59,915 ERROR app.processing.raw_load_worker: run 1: line 1399 skipped (empty): expected a non-empty JSON object
2026-06-10 23:20:59,915 ERROR app.processing.raw_load_worker: run 1: line 1411 skipped (empty): expected a non-empty JSON object
2026-06-10 23:20:59,916 ERROR app.processing.raw_load_worker: run 1: line 1453 skipped (empty): expected a non-empty JSON object
2026-06-10 23:20:59,916 ERROR app.processing.raw_load_worker: run 1: line 1458 skipped (broken_stub): broken stub record
2026-06-10 23:20:59,916 ERROR app.processing.raw_load_worker: run 1: line 1491 skipped (not_object): expected a JSON object, got list
2026-06-10 23:20:59,918 ERROR app.processing.raw_load_worker: run 1: line 1590 skipped (empty): expected a non-empty JSON object
2026-06-10 23:20:59,918 ERROR app.processing.raw_load_worker: run 1: line 1600 skipped (empty): expected a non-empty JSON object
2026-06-10 23:20:59,918 ERROR app.processing.raw_load_worker: run 1: line 1606 skipped (empty): expected a non-empty JSON object
2026-06-10 23:20:59,919 ERROR app.processing.raw_load_worker: run 1: line 1608 skipped (not_object): expected a JSON object, got list
2026-06-10 23:20:59,919 ERROR app.processing.raw_load_worker: run 1: line 1634 skipped (broken_stub): broken stub record
2026-06-10 23:20:59,920 ERROR app.processing.raw_load_worker: run 1: line 1667 skipped (empty): expected a non-empty JSON object
2026-06-10 23:20:59,920 ERROR app.processing.raw_load_worker: run 1: line 1668 skipped (empty): expected a non-empty JSON object
2026-06-10 23:20:59,920 ERROR app.processing.raw_load_worker: run 1: line 1693 skipped (not_object): expected a JSON object, got list
2026-06-10 23:20:59,920 ERROR app.processing.raw_load_worker: run 1: line 1695 skipped (broken_stub): broken stub record
2026-06-10 23:20:59,921 ERROR app.processing.raw_load_worker: run 1: line 1716 skipped (empty): expected a non-empty JSON object
2026-06-10 23:20:59,921 ERROR app.processing.raw_load_worker: run 1: line 1726 skipped (broken_stub): broken stub record
2026-06-10 23:20:59,921 ERROR app.processing.raw_load_worker: run 1: line 1730 skipped (empty): expected a non-empty JSON object
2026-06-10 23:20:59,921 ERROR app.processing.raw_load_worker: run 1: line 1750 skipped (broken_stub): broken stub record
2026-06-10 23:20:59,922 ERROR app.processing.raw_load_worker: run 1: line 1755 skipped (not_object): expected a JSON object, got list
2026-06-10 23:20:59,922 ERROR app.processing.raw_load_worker: run 1: line 1757 skipped (broken_stub): broken stub record
2026-06-10 23:20:59,922 ERROR app.processing.raw_load_worker: run 1: line 1776 skipped (broken_stub): broken stub record
2026-06-10 23:20:59,923 ERROR app.processing.raw_load_worker: run 1: line 1814 skipped (not_object): expected a JSON object, got list
2026-06-10 23:20:59,923 ERROR app.processing.raw_load_worker: run 1: line 1815 skipped (empty): expected a non-empty JSON object
2026-06-10 23:20:59,923 ERROR app.processing.raw_load_worker: run 1: line 1831 skipped (empty): expected a non-empty JSON object
2026-06-10 23:20:59,923 ERROR app.processing.raw_load_worker: run 1: line 1868 skipped (empty): expected a non-empty JSON object
2026-06-10 23:20:59,924 ERROR app.processing.raw_load_worker: run 1: line 1904 skipped (empty): expected a non-empty JSON object
2026-06-10 23:20:59,924 ERROR app.processing.raw_load_worker: run 1: line 1922 skipped (not_object): expected a JSON object, got list
2026-06-10 23:20:59,924 ERROR app.processing.raw_load_worker: run 1: line 1929 skipped (empty): expected a non-empty JSON object
2026-06-10 23:20:59,925 ERROR app.processing.raw_load_worker: run 1: line 1951 skipped (broken_stub): broken stub record
2026-06-10 23:20:59,925 ERROR app.processing.raw_load_worker: run 1: line 1956 skipped (not_object): expected a JSON object, got list
2026-06-10 23:20:59,925 ERROR app.processing.raw_load_worker: run 1: line 1975 skipped (empty): expected a non-empty JSON object
2026-06-10 23:20:59,925 ERROR app.processing.raw_load_worker: run 1: line 1984 skipped (broken_stub): broken stub record
2026-06-10 23:20:59,926 ERROR app.processing.raw_load_worker: run 1: line 2010 skipped (broken_stub): broken stub record
2026-06-10 23:20:59,926 ERROR app.processing.raw_load_worker: run 1: line 2021 skipped (broken_stub): broken stub record
2026-06-10 23:20:59,926 ERROR app.processing.raw_load_worker: run 1: line 2027 skipped (broken_stub): broken stub record
2026-06-10 23:20:59,927 ERROR app.processing.raw_load_worker: run 1: line 2055 skipped (not_object): expected a JSON object, got list
2026-06-10 23:20:59,927 ERROR app.processing.raw_load_worker: run 1: line 2074 skipped (broken_stub): broken stub record
2026-06-10 23:20:59,927 ERROR app.processing.raw_load_worker: run 1: line 2080 skipped (broken_stub): broken stub record
2026-06-10 23:20:59,927 ERROR app.processing.raw_load_worker: run 1: line 2090 skipped (empty): expected a non-empty JSON object
2026-06-10 23:20:59,927 ERROR app.processing.raw_load_worker: run 1: line 2096 skipped (not_object): expected a JSON object, got list
2026-06-10 23:20:59,927 ERROR app.processing.raw_load_worker: run 1: line 2101 skipped (broken_stub): broken stub record
2026-06-10 23:20:59,928 ERROR app.processing.raw_load_worker: run 1: line 2113 skipped (empty): expected a non-empty JSON object
2026-06-10 23:20:59,928 ERROR app.processing.raw_load_worker: run 1: line 2116 skipped (broken_stub): broken stub record
2026-06-10 23:20:59,928 ERROR app.processing.raw_load_worker: run 1: line 2119 skipped (not_object): expected a JSON object, got list
2026-06-10 23:20:59,928 ERROR app.processing.raw_load_worker: run 1: line 2122 skipped (empty): expected a non-empty JSON object
2026-06-10 23:20:59,928 ERROR app.processing.raw_load_worker: run 1: line 2149 skipped (broken_stub): broken stub record
2026-06-10 23:20:59,929 ERROR app.processing.raw_load_worker: run 1: line 2165 skipped (broken_stub): broken stub record
2026-06-10 23:20:59,929 ERROR app.processing.raw_load_worker: run 1: line 2185 skipped (empty): expected a non-empty JSON object
2026-06-10 23:20:59,929 ERROR app.processing.raw_load_worker: run 1: line 2189 skipped (empty): expected a non-empty JSON object
2026-06-10 23:20:59,930 ERROR app.processing.raw_load_worker: run 1: line 2200 skipped (empty): expected a non-empty JSON object
2026-06-10 23:20:59,930 ERROR app.processing.raw_load_worker: run 1: line 2214 skipped (broken_stub): broken stub record
2026-06-10 23:20:59,930 ERROR app.processing.raw_load_worker: run 1: line 2216 skipped (broken_stub): broken stub record
2026-06-10 23:20:59,930 ERROR app.processing.raw_load_worker: run 1: line 2221 skipped (not_object): expected a JSON object, got list
2026-06-10 23:20:59,931 ERROR app.processing.raw_load_worker: run 1: line 2250 skipped (empty): expected a non-empty JSON object
2026-06-10 23:20:59,931 ERROR app.processing.raw_load_worker: run 1: line 2261 skipped (broken_stub): broken stub record
2026-06-10 23:20:59,931 ERROR app.processing.raw_load_worker: run 1: line 2264 skipped (empty): expected a non-empty JSON object
2026-06-10 23:20:59,931 ERROR app.processing.raw_load_worker: run 1: line 2276 skipped (broken_stub): broken stub record
2026-06-10 23:20:59,932 ERROR app.processing.raw_load_worker: run 1: line 2356 skipped (empty): expected a non-empty JSON object
2026-06-10 23:20:59,933 ERROR app.processing.raw_load_worker: run 1: line 2377 skipped (not_object): expected a JSON object, got list
2026-06-10 23:20:59,933 ERROR app.processing.raw_load_worker: run 1: line 2396 skipped (empty): expected a non-empty JSON object
2026-06-10 23:20:59,933 ERROR app.processing.raw_load_worker: run 1: line 2410 skipped (broken_stub): broken stub record
2026-06-10 23:20:59,934 ERROR app.processing.raw_load_worker: run 1: line 2423 skipped (broken_stub): broken stub record
2026-06-10 23:20:59,934 ERROR app.processing.raw_load_worker: run 1: line 2467 skipped (broken_stub): broken stub record
2026-06-10 23:20:59,934 ERROR app.processing.raw_load_worker: run 1: line 2476 skipped (not_object): expected a JSON object, got list
2026-06-10 23:20:59,935 ERROR app.processing.raw_load_worker: run 1: line 2483 skipped (broken_stub): broken stub record
2026-06-10 23:20:59,935 ERROR app.processing.raw_load_worker: run 1: line 2485 skipped (empty): expected a non-empty JSON object
2026-06-10 23:20:59,935 ERROR app.processing.raw_load_worker: run 1: line 2499 skipped (empty): expected a non-empty JSON object
2026-06-10 23:20:59,935 ERROR app.processing.raw_load_worker: run 1: line 2500 skipped (empty): expected a non-empty JSON object
2026-06-10 23:20:59,935 ERROR app.processing.raw_load_worker: run 1: line 2506 skipped (not_object): expected a JSON object, got list
2026-06-10 23:20:59,935 ERROR app.processing.raw_load_worker: run 1: line 2526 skipped (broken_stub): broken stub record
2026-06-10 23:20:59,936 ERROR app.processing.raw_load_worker: run 1: line 2551 skipped (not_object): expected a JSON object, got list
2026-06-10 23:20:59,936 ERROR app.processing.raw_load_worker: run 1: line 2567 skipped (broken_stub): broken stub record
2026-06-10 23:20:59,936 ERROR app.processing.raw_load_worker: run 1: line 2571 skipped (not_object): expected a JSON object, got list
2026-06-10 23:20:59,936 ERROR app.processing.raw_load_worker: run 1: line 2581 skipped (broken_stub): broken stub record
2026-06-10 23:20:59,937 ERROR app.processing.raw_load_worker: run 1: line 2610 skipped (broken_stub): broken stub record
2026-06-10 23:20:59,937 ERROR app.processing.raw_load_worker: run 1: line 2615 skipped (broken_stub): broken stub record
2026-06-10 23:20:59,937 ERROR app.processing.raw_load_worker: run 1: line 2640 skipped (empty): expected a non-empty JSON object
2026-06-10 23:20:59,938 ERROR app.processing.raw_load_worker: run 1: line 2656 skipped (not_object): expected a JSON object, got list
2026-06-10 23:20:59,938 ERROR app.processing.raw_load_worker: run 1: line 2668 skipped (not_object): expected a JSON object, got list
2026-06-10 23:20:59,938 ERROR app.processing.raw_load_worker: run 1: line 2673 skipped (broken_stub): broken stub record
2026-06-10 23:20:59,938 ERROR app.processing.raw_load_worker: run 1: line 2674 skipped (broken_stub): broken stub record
2026-06-10 23:20:59,938 ERROR app.processing.raw_load_worker: run 1: line 2697 skipped (not_object): expected a JSON object, got list
2026-06-10 23:20:59,939 ERROR app.processing.raw_load_worker: run 1: line 2726 skipped (empty): expected a non-empty JSON object
2026-06-10 23:20:59,940 ERROR app.processing.raw_load_worker: run 1: line 2784 skipped (not_object): expected a JSON object, got list
2026-06-10 23:20:59,940 ERROR app.processing.raw_load_worker: run 1: line 2800 skipped (empty): expected a non-empty JSON object
2026-06-10 23:20:59,940 ERROR app.processing.raw_load_worker: run 1: line 2833 skipped (empty): expected a non-empty JSON object
2026-06-10 23:20:59,941 ERROR app.processing.raw_load_worker: run 1: line 2839 skipped (broken_stub): broken stub record
2026-06-10 23:20:59,941 ERROR app.processing.raw_load_worker: run 1: line 2854 skipped (broken_stub): broken stub record
2026-06-10 23:20:59,942 ERROR app.processing.raw_load_worker: run 1: line 2915 skipped (broken_stub): broken stub record
2026-06-10 23:20:59,942 ERROR app.processing.raw_load_worker: run 1: line 2920 skipped (broken_stub): broken stub record
2026-06-10 23:20:59,942 ERROR app.processing.raw_load_worker: run 1: line 2943 skipped (broken_stub): broken stub record
2026-06-10 23:20:59,942 ERROR app.processing.raw_load_worker: run 1: line 2955 skipped (empty): expected a non-empty JSON object
2026-06-10 23:20:59,942 ERROR app.processing.raw_load_worker: run 1: line 2958 skipped (broken_stub): broken stub record
2026-06-10 23:20:59,943 ERROR app.processing.raw_load_worker: run 1: line 2980 skipped (broken_stub): broken stub record
2026-06-10 23:20:59,943 ERROR app.processing.raw_load_worker: run 1: line 2987 skipped (broken_stub): broken stub record
2026-06-10 23:20:59,944 ERROR app.processing.raw_load_worker: run 1: line 3035 skipped (broken_stub): broken stub record
2026-06-10 23:20:59,945 ERROR app.processing.raw_load_worker: run 1: line 3076 skipped (empty): expected a non-empty JSON object
2026-06-10 23:20:59,945 ERROR app.processing.raw_load_worker: run 1: line 3078 skipped (broken_stub): broken stub record
2026-06-10 23:20:59,945 ERROR app.processing.raw_load_worker: run 1: line 3080 skipped (broken_stub): broken stub record
2026-06-10 23:20:59,945 ERROR app.processing.raw_load_worker: run 1: line 3084 skipped (broken_stub): broken stub record
2026-06-10 23:20:59,945 ERROR app.processing.raw_load_worker: run 1: line 3090 skipped (empty): expected a non-empty JSON object
2026-06-10 23:20:59,945 ERROR app.processing.raw_load_worker: run 1: line 3093 skipped (broken_stub): broken stub record
2026-06-10 23:20:59,945 ERROR app.processing.raw_load_worker: run 1: line 3098 skipped (broken_stub): broken stub record
2026-06-10 23:20:59,946 ERROR app.processing.raw_load_worker: run 1: line 3127 skipped (broken_stub): broken stub record
2026-06-10 23:20:59,966 ERROR app.processing.raw_load_worker: run 1: line 3143 skipped (not_object): expected a JSON object, got list
2026-06-10 23:20:59,967 ERROR app.processing.raw_load_worker: run 1: line 3203 skipped (broken_stub): broken stub record
2026-06-10 23:20:59,967 ERROR app.processing.raw_load_worker: run 1: line 3214 skipped (empty): expected a non-empty JSON object
2026-06-10 23:20:59,967 ERROR app.processing.raw_load_worker: run 1: line 3256 skipped (broken_stub): broken stub record
2026-06-10 23:20:59,968 ERROR app.processing.raw_load_worker: run 1: line 3259 skipped (empty): expected a non-empty JSON object
2026-06-10 23:20:59,968 ERROR app.processing.raw_load_worker: run 1: line 3282 skipped (broken_stub): broken stub record
2026-06-10 23:20:59,968 ERROR app.processing.raw_load_worker: run 1: line 3300 skipped (broken_stub): broken stub record
2026-06-10 23:20:59,968 ERROR app.processing.raw_load_worker: run 1: line 3310 skipped (broken_stub): broken stub record
2026-06-10 23:20:59,968 ERROR app.processing.raw_load_worker: run 1: line 3312 skipped (broken_stub): broken stub record
2026-06-10 23:20:59,969 ERROR app.processing.raw_load_worker: run 1: line 3337 skipped (broken_stub): broken stub record
2026-06-10 23:20:59,969 ERROR app.processing.raw_load_worker: run 1: line 3348 skipped (not_object): expected a JSON object, got list
2026-06-10 23:20:59,969 ERROR app.processing.raw_load_worker: run 1: line 3359 skipped (broken_stub): broken stub record
2026-06-10 23:20:59,969 ERROR app.processing.raw_load_worker: run 1: line 3366 skipped (broken_stub): broken stub record
2026-06-10 23:20:59,970 ERROR app.processing.raw_load_worker: run 1: line 3383 skipped (broken_stub): broken stub record
2026-06-10 23:20:59,970 ERROR app.processing.raw_load_worker: run 1: line 3385 skipped (broken_stub): broken stub record
2026-06-10 23:20:59,970 ERROR app.processing.raw_load_worker: run 1: line 3386 skipped (broken_stub): broken stub record
2026-06-10 23:20:59,970 ERROR app.processing.raw_load_worker: run 1: line 3389 skipped (not_object): expected a JSON object, got list
2026-06-10 23:20:59,970 ERROR app.processing.raw_load_worker: run 1: line 3405 skipped (broken_stub): broken stub record
2026-06-10 23:20:59,970 ERROR app.processing.raw_load_worker: run 1: line 3411 skipped (broken_stub): broken stub record
2026-06-10 23:20:59,970 ERROR app.processing.raw_load_worker: run 1: line 3426 skipped (empty): expected a non-empty JSON object
2026-06-10 23:20:59,971 ERROR app.processing.raw_load_worker: run 1: line 3434 skipped (broken_stub): broken stub record
2026-06-10 23:20:59,971 ERROR app.processing.raw_load_worker: run 1: line 3435 skipped (not_object): expected a JSON object, got list
2026-06-10 23:20:59,971 ERROR app.processing.raw_load_worker: run 1: line 3474 skipped (broken_stub): broken stub record
2026-06-10 23:20:59,972 ERROR app.processing.raw_load_worker: run 1: line 3498 skipped (not_object): expected a JSON object, got list
2026-06-10 23:20:59,972 ERROR app.processing.raw_load_worker: run 1: line 3526 skipped (empty): expected a non-empty JSON object
2026-06-10 23:20:59,972 ERROR app.processing.raw_load_worker: run 1: line 3536 skipped (not_object): expected a JSON object, got list
2026-06-10 23:20:59,973 ERROR app.processing.raw_load_worker: run 1: line 3570 skipped (broken_stub): broken stub record
2026-06-10 23:20:59,973 ERROR app.processing.raw_load_worker: run 1: line 3600 skipped (broken_stub): broken stub record
2026-06-10 23:20:59,974 ERROR app.processing.raw_load_worker: run 1: line 3605 skipped (broken_stub): broken stub record
2026-06-10 23:20:59,974 ERROR app.processing.raw_load_worker: run 1: line 3633 skipped (broken_stub): broken stub record
2026-06-10 23:20:59,974 ERROR app.processing.raw_load_worker: run 1: line 3664 skipped (not_object): expected a JSON object, got list
2026-06-10 23:20:59,975 ERROR app.processing.raw_load_worker: run 1: line 3671 skipped (not_object): expected a JSON object, got list
2026-06-10 23:20:59,975 ERROR app.processing.raw_load_worker: run 1: line 3676 skipped (empty): expected a non-empty JSON object
2026-06-10 23:20:59,975 ERROR app.processing.raw_load_worker: run 1: line 3678 skipped (empty): expected a non-empty JSON object
2026-06-10 23:20:59,975 ERROR app.processing.raw_load_worker: run 1: line 3696 skipped (empty): expected a non-empty JSON object
2026-06-10 23:20:59,975 ERROR app.processing.raw_load_worker: run 1: line 3699 skipped (empty): expected a non-empty JSON object
2026-06-10 23:20:59,975 ERROR app.processing.raw_load_worker: run 1: line 3702 skipped (broken_stub): broken stub record
2026-06-10 23:20:59,976 ERROR app.processing.raw_load_worker: run 1: line 3727 skipped (empty): expected a non-empty JSON object
2026-06-10 23:20:59,976 ERROR app.processing.raw_load_worker: run 1: line 3750 skipped (broken_stub): broken stub record
2026-06-10 23:20:59,976 ERROR app.processing.raw_load_worker: run 1: line 3755 skipped (broken_stub): broken stub record
2026-06-10 23:20:59,976 ERROR app.processing.raw_load_worker: run 1: line 3765 skipped (broken_stub): broken stub record
2026-06-10 23:20:59,976 ERROR app.processing.raw_load_worker: run 1: line 3768 skipped (empty): expected a non-empty JSON object
2026-06-10 23:20:59,976 ERROR app.processing.raw_load_worker: run 1: line 3776 skipped (not_object): expected a JSON object, got list
2026-06-10 23:20:59,977 ERROR app.processing.raw_load_worker: run 1: line 3789 skipped (empty): expected a non-empty JSON object
2026-06-10 23:20:59,977 ERROR app.processing.raw_load_worker: run 1: line 3795 skipped (broken_stub): broken stub record
2026-06-10 23:20:59,977 ERROR app.processing.raw_load_worker: run 1: line 3801 skipped (broken_stub): broken stub record
2026-06-10 23:20:59,978 ERROR app.processing.raw_load_worker: run 1: line 3873 skipped (empty): expected a non-empty JSON object
2026-06-10 23:20:59,978 ERROR app.processing.raw_load_worker: run 1: line 3884 skipped (broken_stub): broken stub record
2026-06-10 23:20:59,978 ERROR app.processing.raw_load_worker: run 1: line 3888 skipped (not_object): expected a JSON object, got list
2026-06-10 23:20:59,979 ERROR app.processing.raw_load_worker: run 1: line 3903 skipped (not_object): expected a JSON object, got list
2026-06-10 23:20:59,979 ERROR app.processing.raw_load_worker: run 1: line 3941 skipped (not_object): expected a JSON object, got list
2026-06-10 23:20:59,979 ERROR app.processing.raw_load_worker: run 1: line 3946 skipped (empty): expected a non-empty JSON object
2026-06-10 23:20:59,980 ERROR app.processing.raw_load_worker: run 1: line 3976 skipped (empty): expected a non-empty JSON object
2026-06-10 23:20:59,980 ERROR app.processing.raw_load_worker: run 1: line 3980 skipped (broken_stub): broken stub record
2026-06-10 23:20:59,980 ERROR app.processing.raw_load_worker: run 1: line 3996 skipped (broken_stub): broken stub record
2026-06-10 23:21:00,090 INFO app.processing.raw_load_worker: run 1: stage 0 complete - total_lines=4000 raw_loaded=3766 skipped=234
2026-06-10 23:21:00,115 WARNING app.processing.normalize_worker: raw_document 2 (external_id=doc-000001): status: unrecognized status: ''
2026-06-10 23:21:00,124 WARNING app.processing.normalize_worker: raw_document 11 (external_id=doc-000011): tags: tags list contained non-string elements, which were dropped
2026-06-10 23:21:00,125 WARNING app.processing.normalize_worker: raw_document 12 (external_id=doc-000012): published_at: could not parse date: 'invalid-date'; updated_at: could not parse date: 'invalid-date'
2026-06-10 23:21:00,126 WARNING app.processing.normalize_worker: raw_document 13 (external_id=doc-000013): word_count: could not parse integer: 'lots'
2026-06-10 23:21:00,130 WARNING app.processing.normalize_worker: raw_document 19 (external_id=doc-000019): status: unrecognized status: ''
2026-06-10 23:21:00,134 WARNING app.processing.normalize_worker: raw_document 23 (external_id=None): status: unrecognized status: ''
2026-06-10 23:21:00,138 WARNING app.processing.normalize_worker: raw_document 27 (external_id=doc-000027): updated_at: could not parse date: 'invalid-date'; citation_count: could not parse integer: 'many'
2026-06-10 23:21:00,139 WARNING app.processing.normalize_worker: raw_document 28 (external_id=doc-000028): relevance_score: could not parse float: 'high'
2026-06-10 23:21:00,142 WARNING app.processing.normalize_worker: raw_document 32 (external_id=doc-000032): citation_count: could not parse integer: 'many'
2026-06-10 23:21:00,145 WARNING app.processing.normalize_worker: raw_document 36 (external_id=doc-000036): published_at: could not parse date: 'invalid-date'; updated_at: could not parse date: 'invalid-date'
2026-06-10 23:21:00,145 WARNING app.processing.normalize_worker: raw_document 37 (external_id=doc-000037): published_at: could not parse date: 'invalid-date'; status: unrecognized status: ''
2026-06-10 23:21:00,146 WARNING app.processing.normalize_worker: raw_document 38 (external_id=doc-000038): published_at: could not parse date: 'invalid-date'; tags: unexpected type for tags: int: 123
2026-06-10 23:21:00,147 WARNING app.processing.normalize_worker: raw_document 42 (external_id=doc-000042): published_at: could not parse date: '2023-13-45'; updated_at: could not parse date: '2023-13-45'; status: unrecognized status: ''
2026-06-10 23:21:00,147 WARNING app.processing.normalize_worker: raw_document 43 (external_id=doc-000043): tags: unexpected type for tags: int: 123
2026-06-10 23:21:00,148 WARNING app.processing.normalize_worker: raw_document 44 (external_id=doc-000044): published_at: could not parse date: 'invalid-date'; updated_at: could not parse date: 'invalid-date'
2026-06-10 23:21:00,150 WARNING app.processing.normalize_worker: raw_document 47 (external_id=doc-000047): relevance_score: could not parse float: 'high'
2026-06-10 23:21:00,154 WARNING app.processing.normalize_worker: raw_document 54 (external_id=doc-000054): updated_at: could not parse date: 'invalid-date'
2026-06-10 23:21:00,155 WARNING app.processing.normalize_worker: raw_document 55 (external_id=doc-000055): updated_at: could not parse date: '2023-13-45'; status: unrecognized status: ''
2026-06-10 23:21:00,156 WARNING app.processing.normalize_worker: raw_document 57 (external_id=doc-000057): tags: tags list contained non-string elements, which were dropped
2026-06-10 23:21:00,157 WARNING app.processing.normalize_worker: raw_document 58 (external_id=None): updated_at: could not parse date: 'invalid-date'; tags: tags list contained non-string elements, which were dropped
2026-06-10 23:21:00,157 WARNING app.processing.normalize_worker: raw_document 60 (external_id=doc-000060): updated_at: could not parse date: '2023-13-45'
2026-06-10 23:21:00,159 WARNING app.processing.normalize_worker: raw_document 66 (external_id=doc-000066): status: unrecognized status: ''
2026-06-10 23:21:00,161 WARNING app.processing.normalize_worker: raw_document 69 (external_id=doc-000070): updated_at: could not parse date: 'invalid-date'
2026-06-10 23:21:00,161 WARNING app.processing.normalize_worker: raw_document 72 (external_id=doc-000073): published_at: could not parse date: '2023-13-45'
2026-06-10 23:21:00,162 WARNING app.processing.normalize_worker: raw_document 73 (external_id=None): citation_count: could not parse integer: 'many'; tags: tags list contained non-string elements, which were dropped
2026-06-10 23:21:00,163 WARNING app.processing.normalize_worker: raw_document 76 (external_id=doc-000077): status: unrecognized status: ''
2026-06-10 23:21:00,164 WARNING app.processing.normalize_worker: raw_document 79 (external_id=doc-000080): tags: tags list contained non-string elements, which were dropped
2026-06-10 23:21:00,164 WARNING app.processing.normalize_worker: raw_document 81 (external_id=doc-000082): updated_at: could not parse date: 'invalid-date'
2026-06-10 23:21:00,164 WARNING app.processing.normalize_worker: raw_document 83 (external_id=doc-000084): citation_count: could not parse integer: 'many'
2026-06-10 23:21:00,164 WARNING app.processing.normalize_worker: raw_document 87 (external_id=doc-000090): tags: unexpected type for tags: int: 123
2026-06-10 23:21:00,166 WARNING app.processing.normalize_worker: raw_document 92 (external_id=doc-000096): updated_at: could not parse date: 'invalid-date'
2026-06-10 23:21:00,166 WARNING app.processing.normalize_worker: raw_document 93 (external_id=doc-000097): status: unrecognized status: ''
2026-06-10 23:21:00,166 WARNING app.processing.normalize_worker: raw_document 95 (external_id=doc-000099): published_at: could not parse date: 'invalid-date'
2026-06-10 23:21:00,166 WARNING app.processing.normalize_worker: raw_document 96 (external_id=doc-000100): published_at: could not parse date: '2023-13-45'
2026-06-10 23:21:00,166 WARNING app.processing.normalize_worker: raw_document 99 (external_id=doc-000103): citation_count: could not parse integer: 'many'
2026-06-10 23:21:00,167 WARNING app.processing.normalize_worker: raw_document 100 (external_id=doc-000104): published_at: could not parse date: '2023-13-45'
2026-06-10 23:21:00,169 WARNING app.processing.normalize_worker: raw_document 102 (external_id=doc-000106): status: unrecognized status: ''
2026-06-10 23:21:00,170 WARNING app.processing.normalize_worker: raw_document 104 (external_id=doc-000108): citation_count: could not parse integer: 'many'; tags: tags list contained non-string elements, which were dropped
2026-06-10 23:21:00,170 WARNING app.processing.normalize_worker: raw_document 105 (external_id=doc-000109): status: unrecognized status: ''
2026-06-10 23:21:00,170 WARNING app.processing.normalize_worker: raw_document 106 (external_id=doc-000110): updated_at: could not parse date: 'invalid-date'; status: unrecognized status: ''
2026-06-10 23:21:00,170 WARNING app.processing.normalize_worker: raw_document 112 (external_id=doc-000116): tags: tags list contained non-string elements, which were dropped
2026-06-10 23:21:00,170 WARNING app.processing.normalize_worker: raw_document 113 (external_id=doc-000117): updated_at: could not parse date: '2023-13-45'
2026-06-10 23:21:00,171 WARNING app.processing.normalize_worker: raw_document 117 (external_id=None): status: unrecognized status: ''; citation_count: could not parse integer: 'many'; relevance_score: could not parse float: 'high'
2026-06-10 23:21:00,172 WARNING app.processing.normalize_worker: raw_document 131 (external_id=doc-000136): status: unrecognized status: ''
2026-06-10 23:21:00,172 WARNING app.processing.normalize_worker: raw_document 132 (external_id=doc-000137): relevance_score: could not parse float: 'high'
2026-06-10 23:21:00,172 WARNING app.processing.normalize_worker: raw_document 133 (external_id=doc-000138): published_at: could not parse date: '2023-13-45'; updated_at: could not parse date: 'invalid-date'
2026-06-10 23:21:00,173 WARNING app.processing.normalize_worker: raw_document 139 (external_id=doc-000144): status: unrecognized status: ''
2026-06-10 23:21:00,177 WARNING app.processing.normalize_worker: raw_document 145 (external_id=doc-000150): updated_at: could not parse date: 'invalid-date'
2026-06-10 23:21:00,178 WARNING app.processing.normalize_worker: raw_document 147 (external_id=doc-000152): published_at: could not parse date: '2023-13-45'
2026-06-10 23:21:00,178 WARNING app.processing.normalize_worker: raw_document 148 (external_id=doc-000153): published_at: could not parse date: 'invalid-date'
2026-06-10 23:21:00,178 WARNING app.processing.normalize_worker: raw_document 153 (external_id=doc-000158): status: unrecognized status: ''
2026-06-10 23:21:00,178 WARNING app.processing.normalize_worker: raw_document 157 (external_id=doc-000162): updated_at: could not parse date: 'invalid-date'; tags: unexpected type for tags: int: 123
2026-06-10 23:21:00,179 WARNING app.processing.normalize_worker: raw_document 158 (external_id=doc-000163): status: unrecognized status: ''
2026-06-10 23:21:00,179 WARNING app.processing.normalize_worker: raw_document 163 (external_id=doc-000168): word_count: could not parse integer: 'lots'
2026-06-10 23:21:00,181 WARNING app.processing.normalize_worker: raw_document 168 (external_id=None): status: unrecognized status: ''
2026-06-10 23:21:00,182 WARNING app.processing.normalize_worker: raw_document 178 (external_id=doc-000184): published_at: could not parse date: '2023-13-45'; updated_at: could not parse date: 'invalid-date'
2026-06-10 23:21:00,183 WARNING app.processing.normalize_worker: raw_document 180 (external_id=doc-000186): tags: tags list contained non-string elements, which were dropped
2026-06-10 23:21:00,183 WARNING app.processing.normalize_worker: raw_document 181 (external_id=doc-000187): published_at: could not parse date: 'invalid-date'
2026-06-10 23:21:00,183 WARNING app.processing.normalize_worker: raw_document 182 (external_id=doc-000189): updated_at: could not parse date: 'invalid-date'; citation_count: could not parse integer: 'many'
2026-06-10 23:21:00,185 WARNING app.processing.normalize_worker: raw_document 184 (external_id=None): citation_count: could not parse integer: 'many'
2026-06-10 23:21:00,185 WARNING app.processing.normalize_worker: raw_document 185 (external_id=doc-000192): status: unrecognized status: ''
2026-06-10 23:21:00,186 WARNING app.processing.normalize_worker: raw_document 186 (external_id=None): status: unrecognized status: ''
2026-06-10 23:21:00,186 WARNING app.processing.normalize_worker: raw_document 188 (external_id=doc-000195): published_at: could not parse date: '2023-13-45'
2026-06-10 23:21:00,186 WARNING app.processing.normalize_worker: raw_document 189 (external_id=doc-000196): status: unrecognized status: ''
2026-06-10 23:21:00,186 WARNING app.processing.normalize_worker: raw_document 190 (external_id=doc-000197): published_at: could not parse date: 'invalid-date'
2026-06-10 23:21:00,186 WARNING app.processing.normalize_worker: raw_document 192 (external_id=doc-000199): status: unrecognized status: ''
2026-06-10 23:21:00,186 WARNING app.processing.normalize_worker: raw_document 193 (external_id=doc-000200): published_at: could not parse date: 'invalid-date'
2026-06-10 23:21:00,187 WARNING app.processing.normalize_worker: raw_document 197 (external_id=doc-000204): tags: tags list contained non-string elements, which were dropped
2026-06-10 23:21:00,187 WARNING app.processing.normalize_worker: raw_document 199 (external_id=doc-000206): updated_at: could not parse date: 'invalid-date'
2026-06-10 23:21:00,187 WARNING app.processing.normalize_worker: raw_document 203 (external_id=None): updated_at: could not parse date: 'invalid-date'
2026-06-10 23:21:00,188 WARNING app.processing.normalize_worker: raw_document 209 (external_id=216): tags: tags list contained non-string elements, which were dropped
2026-06-10 23:21:00,188 WARNING app.processing.normalize_worker: raw_document 211 (external_id=doc-000218): updated_at: could not parse date: '2023-13-45'
2026-06-10 23:21:00,188 WARNING app.processing.normalize_worker: raw_document 212 (external_id=doc-000219): citation_count: could not parse integer: 'many'
2026-06-10 23:21:00,188 WARNING app.processing.normalize_worker: raw_document 214 (external_id=doc-000222): status: unrecognized status: ''
2026-06-10 23:21:00,189 WARNING app.processing.normalize_worker: raw_document 215 (external_id=doc-000223): tags: tags list contained non-string elements, which were dropped
2026-06-10 23:21:00,189 WARNING app.processing.normalize_worker: raw_document 216 (external_id=doc-000224): citation_count: could not parse integer: 'many'
2026-06-10 23:21:00,189 WARNING app.processing.normalize_worker: raw_document 218 (external_id=doc-000226): published_at: could not parse date: '2023-13-45'
2026-06-10 23:21:00,189 WARNING app.processing.normalize_worker: raw_document 219 (external_id=doc-000227): published_at: could not parse date: 'invalid-date'
2026-06-10 23:21:00,190 WARNING app.processing.normalize_worker: raw_document 226 (external_id=doc-000235): tags: tags list contained non-string elements, which were dropped
2026-06-10 23:21:00,190 WARNING app.processing.normalize_worker: raw_document 227 (external_id=doc-000236): relevance_score: could not parse float: 'high'; tags: tags list contained non-string elements, which were dropped
2026-06-10 23:21:00,190 WARNING app.processing.normalize_worker: raw_document 233 (external_id=None): tags: unexpected type for tags: int: 123
2026-06-10 23:21:00,195 WARNING app.processing.normalize_worker: raw_document 236 (external_id=None): updated_at: could not parse date: 'invalid-date'
2026-06-10 23:21:00,195 WARNING app.processing.normalize_worker: raw_document 237 (external_id=doc-000248): updated_at: could not parse date: 'invalid-date'
2026-06-10 23:21:00,195 WARNING app.processing.normalize_worker: raw_document 238 (external_id=doc-000249): published_at: could not parse date: '2023-13-45'; updated_at: could not parse date: 'invalid-date'
2026-06-10 23:21:00,196 WARNING app.processing.normalize_worker: raw_document 241 (external_id=None): published_at: could not parse date: 'invalid-date'; updated_at: could not parse date: 'invalid-date'
2026-06-10 23:21:00,197 WARNING app.processing.normalize_worker: raw_document 242 (external_id=doc-000253): published_at: could not parse date: 'invalid-date'
2026-06-10 23:21:00,197 WARNING app.processing.normalize_worker: raw_document 244 (external_id=doc-000255): status: unrecognized status: ''
2026-06-10 23:21:00,197 WARNING app.processing.normalize_worker: raw_document 245 (external_id=doc-000256): tags: tags list contained non-string elements, which were dropped
2026-06-10 23:21:00,197 WARNING app.processing.normalize_worker: raw_document 246 (external_id=doc-000257): tags: unexpected type for tags: int: 123
2026-06-10 23:21:00,197 WARNING app.processing.normalize_worker: raw_document 251 (external_id=doc-000262): tags: tags list contained non-string elements, which were dropped
2026-06-10 23:21:00,198 WARNING app.processing.normalize_worker: raw_document 252 (external_id=doc-000263): published_at: could not parse date: '2023-13-45'; word_count: could not parse integer: 'lots'
2026-06-10 23:21:00,198 WARNING app.processing.normalize_worker: raw_document 254 (external_id=doc-000265): updated_at: could not parse date: '2023-13-45'
2026-06-10 23:21:00,198 WARNING app.processing.normalize_worker: raw_document 256 (external_id=doc-000267): relevance_score: could not parse float: 'high'
2026-06-10 23:21:00,198 WARNING app.processing.normalize_worker: raw_document 257 (external_id=None): status: unrecognized status: ''
2026-06-10 23:21:00,198 WARNING app.processing.normalize_worker: raw_document 258 (external_id=doc-000269): status: unrecognized status: ''
2026-06-10 23:21:00,198 WARNING app.processing.normalize_worker: raw_document 260 (external_id=doc-000271): tags: unexpected type for tags: int: 123
2026-06-10 23:21:00,199 WARNING app.processing.normalize_worker: raw_document 264 (external_id=doc-000275): status: unrecognized status: ''
2026-06-10 23:21:00,199 WARNING app.processing.normalize_worker: raw_document 265 (external_id=doc-000276): status: unrecognized status: ''
2026-06-10 23:21:00,199 WARNING app.processing.normalize_worker: raw_document 269 (external_id=doc-000280): updated_at: could not parse date: '2023-13-45'
2026-06-10 23:21:00,199 WARNING app.processing.normalize_worker: raw_document 271 (external_id=doc-000282): word_count: could not parse integer: 'lots'
2026-06-10 23:21:00,199 WARNING app.processing.normalize_worker: raw_document 272 (external_id=doc-000283): tags: unexpected type for tags: int: 123
2026-06-10 23:21:00,200 WARNING app.processing.normalize_worker: raw_document 275 (external_id=doc-000286): status: unrecognized status: ''
2026-06-10 23:21:00,200 WARNING app.processing.normalize_worker: raw_document 277 (external_id=doc-000288): tags: tags list contained non-string elements, which were dropped
2026-06-10 23:21:00,200 WARNING app.processing.normalize_worker: raw_document 278 (external_id=doc-000289): status: unrecognized status: ''
2026-06-10 23:21:00,200 WARNING app.processing.normalize_worker: raw_document 281 (external_id=doc-000292): published_at: could not parse date: 'invalid-date'; updated_at: could not parse date: 'invalid-date'; relevance_score: could not parse float: 'high'
2026-06-10 23:21:00,200 WARNING app.processing.normalize_worker: raw_document 282 (external_id=doc-000293): status: unrecognized status: ''
2026-06-10 23:21:00,204 WARNING app.processing.normalize_worker: raw_document 286 (external_id=doc-000298): tags: unexpected type for tags: int: 123
2026-06-10 23:21:00,205 WARNING app.processing.normalize_worker: raw_document 293 (external_id=None): published_at: could not parse date: 'invalid-date'
2026-06-10 23:21:00,205 WARNING app.processing.normalize_worker: raw_document 294 (external_id=None): published_at: could not parse date: 'invalid-date'; updated_at: could not parse date: 'invalid-date'
2026-06-10 23:21:00,205 WARNING app.processing.normalize_worker: raw_document 295 (external_id=doc-000309): word_count: could not parse integer: 'lots'
2026-06-10 23:21:00,206 WARNING app.processing.normalize_worker: raw_document 298 (external_id=doc-000312): tags: tags list contained non-string elements, which were dropped
2026-06-10 23:21:00,206 WARNING app.processing.normalize_worker: raw_document 304 (external_id=doc-000318): citation_count: could not parse integer: 'many'
2026-06-10 23:21:00,206 WARNING app.processing.normalize_worker: raw_document 307 (external_id=doc-000321): updated_at: could not parse date: 'invalid-date'
2026-06-10 23:21:00,206 WARNING app.processing.normalize_worker: raw_document 308 (external_id=doc-000322): tags: tags list contained non-string elements, which were dropped
2026-06-10 23:21:00,207 WARNING app.processing.normalize_worker: raw_document 310 (external_id=doc-000324): tags: unexpected type for tags: int: 123
2026-06-10 23:21:00,207 WARNING app.processing.normalize_worker: raw_document 312 (external_id=doc-000326): citation_count: could not parse integer: 'many'
2026-06-10 23:21:00,207 WARNING app.processing.normalize_worker: raw_document 317 (external_id=doc-000331): updated_at: could not parse date: 'invalid-date'; word_count: could not parse integer: 'lots'
2026-06-10 23:21:00,208 WARNING app.processing.normalize_worker: raw_document 320 (external_id=doc-000334): tags: tags list contained non-string elements, which were dropped
2026-06-10 23:21:00,208 WARNING app.processing.normalize_worker: raw_document 321 (external_id=doc-000335): word_count: could not parse integer: 'lots'
2026-06-10 23:21:00,208 WARNING app.processing.normalize_worker: raw_document 325 (external_id=doc-000339): status: unrecognized status: ''
2026-06-10 23:21:00,208 WARNING app.processing.normalize_worker: raw_document 326 (external_id=doc-000340): word_count: could not parse integer: 'lots'
2026-06-10 23:21:00,208 WARNING app.processing.normalize_worker: raw_document 328 (external_id=doc-000342): published_at: could not parse date: 'invalid-date'; updated_at: could not parse date: 'invalid-date'
2026-06-10 23:21:00,209 WARNING app.processing.normalize_worker: raw_document 333 (external_id=doc-000347): updated_at: could not parse date: 'invalid-date'
2026-06-10 23:21:00,209 WARNING app.processing.normalize_worker: raw_document 336 (external_id=doc-000350): published_at: could not parse date: 'invalid-date'
2026-06-10 23:21:00,209 WARNING app.processing.normalize_worker: raw_document 337 (external_id=doc-000351): published_at: could not parse date: 'invalid-date'
2026-06-10 23:21:00,209 WARNING app.processing.normalize_worker: raw_document 338 (external_id=doc-000352): status: unrecognized status: ''
2026-06-10 23:21:00,209 WARNING app.processing.normalize_worker: raw_document 339 (external_id=doc-000353): tags: unexpected type for tags: int: 123
2026-06-10 23:21:00,214 WARNING app.processing.normalize_worker: raw_document 343 (external_id=doc-000357): citation_count: could not parse integer: 'many'
2026-06-10 23:21:00,215 WARNING app.processing.normalize_worker: raw_document 344 (external_id=doc-000358): published_at: could not parse date: 'invalid-date'
2026-06-10 23:21:00,215 WARNING app.processing.normalize_worker: raw_document 350 (external_id=doc-000365): citation_count: could not parse integer: 'many'
2026-06-10 23:21:00,215 WARNING app.processing.normalize_worker: raw_document 352 (external_id=None): tags: tags list contained non-string elements, which were dropped
2026-06-10 23:21:00,217 WARNING app.processing.normalize_worker: raw_document 356 (external_id=doc-000371): word_count: could not parse integer: 'lots'
2026-06-10 23:21:00,218 WARNING app.processing.normalize_worker: raw_document 364 (external_id=doc-000379): tags: unexpected type for tags: int: 123
2026-06-10 23:21:00,218 WARNING app.processing.normalize_worker: raw_document 367 (external_id=None): published_at: could not parse date: '2023-13-45'
2026-06-10 23:21:00,219 WARNING app.processing.normalize_worker: raw_document 371 (external_id=doc-000386): status: unrecognized status: ''
2026-06-10 23:21:00,219 WARNING app.processing.normalize_worker: raw_document 374 (external_id=doc-000389): tags: tags list contained non-string elements, which were dropped
2026-06-10 23:21:00,219 WARNING app.processing.normalize_worker: raw_document 376 (external_id=doc-000391): tags: unexpected type for tags: int: 123
2026-06-10 23:21:00,220 WARNING app.processing.normalize_worker: raw_document 379 (external_id=doc-000394): published_at: could not parse date: '2023-13-45'; citation_count: could not parse integer: 'many'
2026-06-10 23:21:00,220 WARNING app.processing.normalize_worker: raw_document 380 (external_id=None): updated_at: could not parse date: '2023-13-45'
2026-06-10 23:21:00,220 WARNING app.processing.normalize_worker: raw_document 381 (external_id=doc-000396): updated_at: could not parse date: '2023-13-45'
2026-06-10 23:21:00,220 WARNING app.processing.normalize_worker: raw_document 389 (external_id=doc-000404): status: unrecognized status: ''
2026-06-10 23:21:00,221 WARNING app.processing.normalize_worker: raw_document 390 (external_id=doc-000405): updated_at: could not parse date: 'invalid-date'
2026-06-10 23:21:00,221 WARNING app.processing.normalize_worker: raw_document 392 (external_id=doc-000407): status: unrecognized status: ''
2026-06-10 23:21:00,225 WARNING app.processing.normalize_worker: raw_document 397 (external_id=doc-000412): updated_at: could not parse date: 'invalid-date'
2026-06-10 23:21:00,225 WARNING app.processing.normalize_worker: raw_document 398 (external_id=doc-000413): word_count: could not parse integer: 'lots'
2026-06-10 23:21:00,226 WARNING app.processing.normalize_worker: raw_document 399 (external_id=None): status: unrecognized status: ''; relevance_score: could not parse float: 'high'
2026-06-10 23:21:00,226 WARNING app.processing.normalize_worker: raw_document 400 (external_id=doc-000415): published_at: could not parse date: 'invalid-date'; updated_at: could not parse date: 'invalid-date'
2026-06-10 23:21:00,226 WARNING app.processing.normalize_worker: raw_document 404 (external_id=doc-000419): citation_count: could not parse integer: 'many'
2026-06-10 23:21:00,226 WARNING app.processing.normalize_worker: raw_document 405 (external_id=doc-000420): word_count: could not parse integer: 'lots'
2026-06-10 23:21:00,227 WARNING app.processing.normalize_worker: raw_document 409 (external_id=doc-000424): updated_at: could not parse date: 'invalid-date'
2026-06-10 23:21:00,227 WARNING app.processing.normalize_worker: raw_document 411 (external_id=doc-000426): updated_at: could not parse date: '2023-13-45'
2026-06-10 23:21:00,227 WARNING app.processing.normalize_worker: raw_document 412 (external_id=None): updated_at: could not parse date: 'invalid-date'
2026-06-10 23:21:00,227 WARNING app.processing.normalize_worker: raw_document 414 (external_id=doc-000429): tags: tags list contained non-string elements, which were dropped
2026-06-10 23:21:00,228 WARNING app.processing.normalize_worker: raw_document 427 (external_id=doc-000443): tags: unexpected type for tags: int: 123
2026-06-10 23:21:00,229 WARNING app.processing.normalize_worker: raw_document 429 (external_id=doc-000445): updated_at: could not parse date: '2023-13-45'
2026-06-10 23:21:00,229 WARNING app.processing.normalize_worker: raw_document 430 (external_id=doc-000446): relevance_score: could not parse float: 'high'
2026-06-10 23:21:00,234 WARNING app.processing.normalize_worker: raw_document 438 (external_id=None): published_at: could not parse date: 'invalid-date'
2026-06-10 23:21:00,234 WARNING app.processing.normalize_worker: raw_document 439 (external_id=doc-000455): updated_at: could not parse date: '2023-13-45'
2026-06-10 23:21:00,235 WARNING app.processing.normalize_worker: raw_document 441 (external_id=doc-000457): status: unrecognized status: ''
2026-06-10 23:21:00,235 WARNING app.processing.normalize_worker: raw_document 447 (external_id=doc-000464): word_count: could not parse integer: 'lots'
2026-06-10 23:21:00,235 WARNING app.processing.normalize_worker: raw_document 448 (external_id=doc-000465): status: unrecognized status: ''
2026-06-10 23:21:00,236 WARNING app.processing.normalize_worker: raw_document 449 (external_id=doc-000466): published_at: could not parse date: '2023-13-45'
2026-06-10 23:21:00,236 WARNING app.processing.normalize_worker: raw_document 451 (external_id=doc-000468): status: unrecognized status: ''
2026-06-10 23:21:00,236 WARNING app.processing.normalize_worker: raw_document 453 (external_id=doc-000470): published_at: could not parse date: 'invalid-date'; status: unrecognized status: ''
2026-06-10 23:21:00,236 WARNING app.processing.normalize_worker: raw_document 454 (external_id=doc-000471): word_count: could not parse integer: 'lots'; relevance_score: could not parse float: 'high'; tags: tags list contained non-string elements, which were dropped
2026-06-10 23:21:00,236 WARNING app.processing.normalize_worker: raw_document 457 (external_id=doc-000474): word_count: could not parse integer: 'lots'
2026-06-10 23:21:00,237 WARNING app.processing.normalize_worker: raw_document 458 (external_id=doc-000475): updated_at: could not parse date: 'invalid-date'; status: unrecognized status: ''
2026-06-10 23:21:00,237 WARNING app.processing.normalize_worker: raw_document 459 (external_id=doc-000476): status: unrecognized status: ''
2026-06-10 23:21:00,237 WARNING app.processing.normalize_worker: raw_document 465 (external_id=doc-000483): published_at: could not parse date: 'invalid-date'
2026-06-10 23:21:00,238 WARNING app.processing.normalize_worker: raw_document 475 (external_id=doc-000494): published_at: could not parse date: 'invalid-date'
2026-06-10 23:21:00,239 WARNING app.processing.normalize_worker: raw_document 482 (external_id=doc-000501): updated_at: could not parse date: '2023-13-45'
2026-06-10 23:21:00,239 WARNING app.processing.normalize_worker: raw_document 490 (external_id=doc-000509): word_count: could not parse integer: 'lots'
2026-06-10 23:21:00,240 WARNING app.processing.normalize_worker: raw_document 495 (external_id=None): published_at: could not parse date: 'invalid-date'
2026-06-10 23:21:00,240 WARNING app.processing.normalize_worker: raw_document 496 (external_id=None): tags: unexpected type for tags: int: 123
2026-06-10 23:21:00,240 WARNING app.processing.normalize_worker: raw_document 500 (external_id=doc-000520): word_count: could not parse integer: 'lots'
2026-06-10 23:21:00,263 INFO app.processing.normalize_worker: stage 1: normalized 500 raw documents (remaining=3266)
2026-06-10 23:21:00,263 INFO app.services.ingestion_service: app.processing.normalize_worker: processed=500 remaining=3266
2026-06-10 23:21:00,268 WARNING app.processing.normalize_worker: raw_document 508 (external_id=doc-000529): citation_count: could not parse integer: 'many'; tags: tags list contained non-string elements, which were dropped
2026-06-10 23:21:00,268 WARNING app.processing.normalize_worker: raw_document 509 (external_id=doc-000530): status: unrecognized status: ''
2026-06-10 23:21:00,271 WARNING app.processing.normalize_worker: raw_document 514 (external_id=doc-000535): tags: unexpected type for tags: int: 123
2026-06-10 23:21:00,271 WARNING app.processing.normalize_worker: raw_document 515 (external_id=doc-000536): published_at: could not parse date: 'invalid-date'
2026-06-10 23:21:00,272 WARNING app.processing.normalize_worker: raw_document 531 (external_id=doc-000553): relevance_score: could not parse float: 'high'
2026-06-10 23:21:00,273 WARNING app.processing.normalize_worker: raw_document 533 (external_id=doc-000555): tags: unexpected type for tags: int: 123
2026-06-10 23:21:00,273 WARNING app.processing.normalize_worker: raw_document 534 (external_id=doc-000556): relevance_score: could not parse float: 'high'
2026-06-10 23:21:00,273 WARNING app.processing.normalize_worker: raw_document 537 (external_id=559): status: unrecognized status: ''
2026-06-10 23:21:00,274 WARNING app.processing.normalize_worker: raw_document 545 (external_id=doc-000567): status: unrecognized status: ''; relevance_score: could not parse float: 'high'
2026-06-10 23:21:00,274 WARNING app.processing.normalize_worker: raw_document 548 (external_id=doc-000570): status: unrecognized status: ''; tags: tags list contained non-string elements, which were dropped
2026-06-10 23:21:00,274 WARNING app.processing.normalize_worker: raw_document 551 (external_id=doc-000573): relevance_score: could not parse float: 'high'
2026-06-10 23:21:00,275 WARNING app.processing.normalize_worker: raw_document 557 (external_id=doc-000579): word_count: could not parse integer: 'lots'
2026-06-10 23:21:00,275 WARNING app.processing.normalize_worker: raw_document 564 (external_id=doc-000586): citation_count: could not parse integer: 'many'
2026-06-10 23:21:00,276 WARNING app.processing.normalize_worker: raw_document 571 (external_id=doc-000594): word_count: could not parse integer: 'lots'; tags: unexpected type for tags: int: 123
2026-06-10 23:21:00,276 WARNING app.processing.normalize_worker: raw_document 572 (external_id=doc-000595): status: unrecognized status: ''
2026-06-10 23:21:00,276 WARNING app.processing.normalize_worker: raw_document 573 (external_id=doc-000597): word_count: could not parse integer: 'lots'
2026-06-10 23:21:00,276 WARNING app.processing.normalize_worker: raw_document 574 (external_id=doc-000598): status: unrecognized status: ''
2026-06-10 23:21:00,276 WARNING app.processing.normalize_worker: raw_document 575 (external_id=doc-000599): tags: unexpected type for tags: int: 123
2026-06-10 23:21:00,277 WARNING app.processing.normalize_worker: raw_document 578 (external_id=doc-000602): updated_at: could not parse date: 'invalid-date'
2026-06-10 23:21:00,277 WARNING app.processing.normalize_worker: raw_document 579 (external_id=doc-000603): updated_at: could not parse date: 'invalid-date'
2026-06-10 23:21:00,277 WARNING app.processing.normalize_worker: raw_document 583 (external_id=doc-000607): published_at: could not parse date: 'invalid-date'
2026-06-10 23:21:00,277 WARNING app.processing.normalize_worker: raw_document 585 (external_id=doc-000610): updated_at: could not parse date: 'invalid-date'
2026-06-10 23:21:00,277 WARNING app.processing.normalize_worker: raw_document 587 (external_id=doc-000612): status: unrecognized status: ''
2026-06-10 23:21:00,278 WARNING app.processing.normalize_worker: raw_document 588 (external_id=None): status: unrecognized status: ''; relevance_score: could not parse float: 'high'
2026-06-10 23:21:00,278 WARNING app.processing.normalize_worker: raw_document 594 (external_id=None): tags: tags list contained non-string elements, which were dropped
2026-06-10 23:21:00,278 WARNING app.processing.normalize_worker: raw_document 595 (external_id=None): status: unrecognized status: ''
2026-06-10 23:21:00,278 WARNING app.processing.normalize_worker: raw_document 596 (external_id=doc-000621): updated_at: could not parse date: 'invalid-date'; word_count: could not parse integer: 'lots'; tags: tags list contained non-string elements, which were dropped
2026-06-10 23:21:00,279 WARNING app.processing.normalize_worker: raw_document 598 (external_id=doc-000623): citation_count: could not parse integer: 'many'
2026-06-10 23:21:00,286 WARNING app.processing.normalize_worker: raw_document 599 (external_id=doc-000624): updated_at: could not parse date: 'invalid-date'
2026-06-10 23:21:00,286 WARNING app.processing.normalize_worker: raw_document 600 (external_id=doc-000625): updated_at: could not parse date: 'invalid-date'
2026-06-10 23:21:00,287 WARNING app.processing.normalize_worker: raw_document 603 (external_id=doc-000628): status: unrecognized status: ''
2026-06-10 23:21:00,287 WARNING app.processing.normalize_worker: raw_document 604 (external_id=doc-000629): citation_count: could not parse integer: 'many'
2026-06-10 23:21:00,287 WARNING app.processing.normalize_worker: raw_document 606 (external_id=doc-000631): published_at: could not parse date: '2023-13-45'
2026-06-10 23:21:00,287 WARNING app.processing.normalize_worker: raw_document 611 (external_id=None): published_at: could not parse date: 'invalid-date'; updated_at: could not parse date: 'invalid-date'
2026-06-10 23:21:00,288 WARNING app.processing.normalize_worker: raw_document 615 (external_id=doc-000640): word_count: could not parse integer: 'lots'
2026-06-10 23:21:00,288 WARNING app.processing.normalize_worker: raw_document 619 (external_id=doc-000644): word_count: could not parse integer: 'lots'
2026-06-10 23:21:00,288 WARNING app.processing.normalize_worker: raw_document 620 (external_id=doc-000645): word_count: could not parse integer: 'lots'
2026-06-10 23:21:00,289 WARNING app.processing.normalize_worker: raw_document 627 (external_id=doc-000652): published_at: could not parse date: 'invalid-date'
2026-06-10 23:21:00,289 WARNING app.processing.normalize_worker: raw_document 629 (external_id=doc-000654): word_count: could not parse integer: 'lots'
2026-06-10 23:21:00,289 WARNING app.processing.normalize_worker: raw_document 632 (external_id=doc-000657): updated_at: could not parse date: 'invalid-date'
2026-06-10 23:21:00,289 WARNING app.processing.normalize_worker: raw_document 633 (external_id=doc-000658): published_at: could not parse date: '2023-13-45'
2026-06-10 23:21:00,290 WARNING app.processing.normalize_worker: raw_document 634 (external_id=doc-000659): tags: unexpected type for tags: int: 123
2026-06-10 23:21:00,290 WARNING app.processing.normalize_worker: raw_document 637 (external_id=doc-000662): published_at: could not parse date: 'invalid-date'
2026-06-10 23:21:00,290 WARNING app.processing.normalize_worker: raw_document 638 (external_id=doc-000663): status: unrecognized status: ''
2026-06-10 23:21:00,290 WARNING app.processing.normalize_worker: raw_document 644 (external_id=doc-000669): status: unrecognized status: ''
2026-06-10 23:21:00,295 WARNING app.processing.normalize_worker: raw_document 645 (external_id=doc-000670): word_count: could not parse integer: 'lots'; tags: unexpected type for tags: int: 123
2026-06-10 23:21:00,295 WARNING app.processing.normalize_worker: raw_document 646 (external_id=doc-000671): status: unrecognized status: ''; tags: tags list contained non-string elements, which were dropped
2026-06-10 23:21:00,295 WARNING app.processing.normalize_worker: raw_document 648 (external_id=doc-000673): status: unrecognized status: ''
2026-06-10 23:21:00,296 WARNING app.processing.normalize_worker: raw_document 652 (external_id=doc-000677): relevance_score: could not parse float: 'high'
2026-06-10 23:21:00,296 WARNING app.processing.normalize_worker: raw_document 653 (external_id=None): citation_count: could not parse integer: 'many'
2026-06-10 23:21:00,298 WARNING app.processing.normalize_worker: raw_document 656 (external_id=doc-000681): status: unrecognized status: ''
2026-06-10 23:21:00,298 WARNING app.processing.normalize_worker: raw_document 658 (external_id=doc-000683): citation_count: could not parse integer: 'many'
2026-06-10 23:21:00,298 WARNING app.processing.normalize_worker: raw_document 662 (external_id=doc-000687): published_at: could not parse date: 'invalid-date'
2026-06-10 23:21:00,300 WARNING app.processing.normalize_worker: raw_document 664 (external_id=None): published_at: could not parse date: 'invalid-date'; status: unrecognized status: ''; relevance_score: could not parse float: 'high'
2026-06-10 23:21:00,301 WARNING app.processing.normalize_worker: raw_document 670 (external_id=doc-000696): relevance_score: could not parse float: 'high'
2026-06-10 23:21:00,301 WARNING app.processing.normalize_worker: raw_document 671 (external_id=doc-000697): status: unrecognized status: ''
2026-06-10 23:21:00,301 WARNING app.processing.normalize_worker: raw_document 672 (external_id=doc-000698): updated_at: could not parse date: 'invalid-date'; relevance_score: could not parse float: 'high'
2026-06-10 23:21:00,301 WARNING app.processing.normalize_worker: raw_document 674 (external_id=doc-000700): status: unrecognized status: ''
2026-06-10 23:21:00,301 WARNING app.processing.normalize_worker: raw_document 675 (external_id=doc-000701): status: unrecognized status: ''
2026-06-10 23:21:00,302 WARNING app.processing.normalize_worker: raw_document 677 (external_id=None): published_at: could not parse date: '2023-13-45'; updated_at: could not parse date: '2023-13-45'
2026-06-10 23:21:00,302 WARNING app.processing.normalize_worker: raw_document 679 (external_id=None): published_at: could not parse date: 'invalid-date'; updated_at: could not parse date: '2023-13-45'
2026-06-10 23:21:00,302 WARNING app.processing.normalize_worker: raw_document 680 (external_id=doc-000707): published_at: could not parse date: '2023-13-45'
2026-06-10 23:21:00,302 WARNING app.processing.normalize_worker: raw_document 681 (external_id=doc-000708): published_at: could not parse date: '2023-13-45'
2026-06-10 23:21:00,305 WARNING app.processing.normalize_worker: raw_document 683 (external_id=None): citation_count: could not parse integer: 'many'
2026-06-10 23:21:00,305 WARNING app.processing.normalize_worker: raw_document 685 (external_id=doc-000712): status: unrecognized status: ''
2026-06-10 23:21:00,305 WARNING app.processing.normalize_worker: raw_document 686 (external_id=doc-000714): relevance_score: could not parse float: 'high'
2026-06-10 23:21:00,305 WARNING app.processing.normalize_worker: raw_document 688 (external_id=doc-000716): tags: tags list contained non-string elements, which were dropped
2026-06-10 23:21:00,306 WARNING app.processing.normalize_worker: raw_document 691 (external_id=None): word_count: could not parse integer: 'lots'
2026-06-10 23:21:00,306 WARNING app.processing.normalize_worker: raw_document 694 (external_id=doc-000723): published_at: could not parse date: 'invalid-date'
2026-06-10 23:21:00,306 WARNING app.processing.normalize_worker: raw_document 696 (external_id=doc-000725): updated_at: could not parse date: 'invalid-date'; status: unrecognized status: ''
2026-06-10 23:21:00,307 WARNING app.processing.normalize_worker: raw_document 707 (external_id=doc-000736): updated_at: could not parse date: '2023-13-45'
2026-06-10 23:21:00,307 WARNING app.processing.normalize_worker: raw_document 709 (external_id=None): published_at: could not parse date: '2023-13-45'
2026-06-10 23:21:00,308 WARNING app.processing.normalize_worker: raw_document 712 (external_id=doc-000742): tags: tags list contained non-string elements, which were dropped
2026-06-10 23:21:00,308 WARNING app.processing.normalize_worker: raw_document 713 (external_id=doc-000743): status: unrecognized status: ''
2026-06-10 23:21:00,308 WARNING app.processing.normalize_worker: raw_document 718 (external_id=doc-000748): updated_at: could not parse date: '2023-13-45'
2026-06-10 23:21:00,308 WARNING app.processing.normalize_worker: raw_document 721 (external_id=doc-000751): tags: tags list contained non-string elements, which were dropped
2026-06-10 23:21:00,309 WARNING app.processing.normalize_worker: raw_document 732 (external_id=doc-000764): citation_count: could not parse integer: 'many'
2026-06-10 23:21:00,309 WARNING app.processing.normalize_worker: raw_document 735 (external_id=doc-000767): published_at: could not parse date: 'invalid-date'; status: unrecognized status: ''
2026-06-10 23:21:00,310 WARNING app.processing.normalize_worker: raw_document 738 (external_id=doc-000770): word_count: could not parse integer: 'lots'
2026-06-10 23:21:00,310 WARNING app.processing.normalize_worker: raw_document 741 (external_id=doc-000773): published_at: could not parse date: 'invalid-date'
2026-06-10 23:21:00,311 WARNING app.processing.normalize_worker: raw_document 749 (external_id=doc-000781): updated_at: could not parse date: 'invalid-date'; citation_count: could not parse integer: 'many'
2026-06-10 23:21:00,311 WARNING app.processing.normalize_worker: raw_document 750 (external_id=doc-000782): word_count: could not parse integer: 'lots'
2026-06-10 23:21:00,311 WARNING app.processing.normalize_worker: raw_document 751 (external_id=doc-000783): updated_at: could not parse date: 'invalid-date'; status: unrecognized status: ''
2026-06-10 23:21:00,311 WARNING app.processing.normalize_worker: raw_document 754 (external_id=None): status: unrecognized status: ''
2026-06-10 23:21:00,311 WARNING app.processing.normalize_worker: raw_document 757 (external_id=None): published_at: could not parse date: '2023-13-45'
2026-06-10 23:21:00,312 WARNING app.processing.normalize_worker: raw_document 759 (external_id=doc-000793): tags: unexpected type for tags: int: 123
2026-06-10 23:21:00,312 WARNING app.processing.normalize_worker: raw_document 760 (external_id=doc-000794): status: unrecognized status: ''
2026-06-10 23:21:00,312 WARNING app.processing.normalize_worker: raw_document 761 (external_id=doc-000795): updated_at: could not parse date: 'invalid-date'
2026-06-10 23:21:00,312 WARNING app.processing.normalize_worker: raw_document 762 (external_id=doc-000796): tags: unexpected type for tags: int: 123
2026-06-10 23:21:00,312 WARNING app.processing.normalize_worker: raw_document 764 (external_id=doc-000798): status: unrecognized status: ''
2026-06-10 23:21:00,313 WARNING app.processing.normalize_worker: raw_document 769 (external_id=doc-000803): published_at: could not parse date: 'invalid-date'
2026-06-10 23:21:00,313 WARNING app.processing.normalize_worker: raw_document 773 (external_id=doc-000807): status: unrecognized status: ''
2026-06-10 23:21:00,313 WARNING app.processing.normalize_worker: raw_document 774 (external_id=doc-000808): updated_at: could not parse date: '2023-13-45'
2026-06-10 23:21:00,313 WARNING app.processing.normalize_worker: raw_document 776 (external_id=doc-000810): citation_count: could not parse integer: 'many'
2026-06-10 23:21:00,313 WARNING app.processing.normalize_worker: raw_document 777 (external_id=doc-000811): tags: unexpected type for tags: int: 123
2026-06-10 23:21:00,314 WARNING app.processing.normalize_worker: raw_document 780 (external_id=doc-000815): updated_at: could not parse date: '2023-13-45'; status: unrecognized status: ''; citation_count: could not parse integer: 'many'
2026-06-10 23:21:00,314 WARNING app.processing.normalize_worker: raw_document 785 (external_id=doc-000820): status: unrecognized status: ''
2026-06-10 23:21:00,314 WARNING app.processing.normalize_worker: raw_document 787 (external_id=doc-000822): status: unrecognized status: ''
2026-06-10 23:21:00,315 WARNING app.processing.normalize_worker: raw_document 793 (external_id=None): word_count: could not parse integer: 'lots'
2026-06-10 23:21:00,315 WARNING app.processing.normalize_worker: raw_document 799 (external_id=doc-000834): status: unrecognized status: ''; tags: unexpected type for tags: int: 123
2026-06-10 23:21:00,316 WARNING app.processing.normalize_worker: raw_document 801 (external_id=doc-000836): published_at: could not parse date: '2023-13-45'
2026-06-10 23:21:00,316 WARNING app.processing.normalize_worker: raw_document 802 (external_id=doc-000837): citation_count: could not parse integer: 'many'
2026-06-10 23:21:00,316 WARNING app.processing.normalize_worker: raw_document 803 (external_id=None): citation_count: could not parse integer: 'many'
2026-06-10 23:21:00,316 WARNING app.processing.normalize_worker: raw_document 804 (external_id=doc-000839): status: unrecognized status: ''
2026-06-10 23:21:00,316 WARNING app.processing.normalize_worker: raw_document 805 (external_id=doc-000840): citation_count: could not parse integer: 'many'
2026-06-10 23:21:00,316 WARNING app.processing.normalize_worker: raw_document 806 (external_id=doc-000841): citation_count: could not parse integer: 'many'
2026-06-10 23:21:00,316 WARNING app.processing.normalize_worker: raw_document 807 (external_id=doc-000842): published_at: could not parse date: 'invalid-date'; updated_at: could not parse date: 'invalid-date'
2026-06-10 23:21:00,317 WARNING app.processing.normalize_worker: raw_document 810 (external_id=doc-000845): status: unrecognized status: ''
2026-06-10 23:21:00,317 WARNING app.processing.normalize_worker: raw_document 812 (external_id=doc-000848): relevance_score: could not parse float: 'high'
2026-06-10 23:21:00,317 WARNING app.processing.normalize_worker: raw_document 814 (external_id=doc-000850): status: unrecognized status: ''; tags: tags list contained non-string elements, which were dropped
2026-06-10 23:21:00,317 WARNING app.processing.normalize_worker: raw_document 817 (external_id=doc-000853): published_at: could not parse date: '2023-13-45'
2026-06-10 23:21:00,318 WARNING app.processing.normalize_worker: raw_document 821 (external_id=doc-000858): updated_at: could not parse date: 'invalid-date'
2026-06-10 23:21:00,329 WARNING app.processing.normalize_worker: raw_document 825 (external_id=doc-000862): updated_at: could not parse date: 'invalid-date'
2026-06-10 23:21:00,330 WARNING app.processing.normalize_worker: raw_document 827 (external_id=doc-000864): word_count: could not parse integer: 'lots'
2026-06-10 23:21:00,330 WARNING app.processing.normalize_worker: raw_document 829 (external_id=doc-000866): updated_at: could not parse date: '2023-13-45'
2026-06-10 23:21:00,330 WARNING app.processing.normalize_worker: raw_document 830 (external_id=doc-000867): published_at: could not parse date: '2023-13-45'
2026-06-10 23:21:00,330 WARNING app.processing.normalize_worker: raw_document 835 (external_id=doc-000872): citation_count: could not parse integer: 'many'
2026-06-10 23:21:00,331 WARNING app.processing.normalize_worker: raw_document 837 (external_id=doc-000874): citation_count: could not parse integer: 'many'
2026-06-10 23:21:00,331 WARNING app.processing.normalize_worker: raw_document 844 (external_id=doc-000882): citation_count: could not parse integer: 'many'
2026-06-10 23:21:00,332 WARNING app.processing.normalize_worker: raw_document 848 (external_id=doc-000886): citation_count: could not parse integer: 'many'
2026-06-10 23:21:00,332 WARNING app.processing.normalize_worker: raw_document 852 (external_id=doc-000890): tags: unexpected type for tags: int: 123
2026-06-10 23:21:00,332 WARNING app.processing.normalize_worker: raw_document 853 (external_id=doc-000891): updated_at: could not parse date: '2023-13-45'
2026-06-10 23:21:00,332 WARNING app.processing.normalize_worker: raw_document 856 (external_id=None): citation_count: could not parse integer: 'many'; relevance_score: could not parse float: 'high'
2026-06-10 23:21:00,333 WARNING app.processing.normalize_worker: raw_document 859 (external_id=doc-000897): tags: unexpected type for tags: int: 123
2026-06-10 23:21:00,333 WARNING app.processing.normalize_worker: raw_document 861 (external_id=doc-000899): published_at: could not parse date: 'invalid-date'
2026-06-10 23:21:00,333 WARNING app.processing.normalize_worker: raw_document 865 (external_id=doc-000903): word_count: could not parse integer: 'lots'
2026-06-10 23:21:00,338 WARNING app.processing.normalize_worker: raw_document 869 (external_id=doc-000908): tags: tags list contained non-string elements, which were dropped
2026-06-10 23:21:00,338 WARNING app.processing.normalize_worker: raw_document 870 (external_id=doc-000909): updated_at: could not parse date: 'invalid-date'
2026-06-10 23:21:00,338 WARNING app.processing.normalize_worker: raw_document 874 (external_id=doc-000914): status: unrecognized status: ''
2026-06-10 23:21:00,338 WARNING app.processing.normalize_worker: raw_document 875 (external_id=doc-000915): citation_count: could not parse integer: 'many'
2026-06-10 23:21:00,338 WARNING app.processing.normalize_worker: raw_document 876 (external_id=doc-000917): updated_at: could not parse date: 'invalid-date'; word_count: could not parse integer: 'lots'; tags: tags list contained non-string elements, which were dropped
2026-06-10 23:21:00,339 WARNING app.processing.normalize_worker: raw_document 881 (external_id=doc-000923): published_at: could not parse date: 'invalid-date'
2026-06-10 23:21:00,339 WARNING app.processing.normalize_worker: raw_document 882 (external_id=None): status: unrecognized status: ''
2026-06-10 23:21:00,339 WARNING app.processing.normalize_worker: raw_document 884 (external_id=doc-000926): status: unrecognized status: ''
2026-06-10 23:21:00,340 WARNING app.processing.normalize_worker: raw_document 895 (external_id=doc-000938): tags: tags list contained non-string elements, which were dropped
2026-06-10 23:21:00,340 WARNING app.processing.normalize_worker: raw_document 897 (external_id=doc-000940): relevance_score: could not parse float: 'high'
2026-06-10 23:21:00,341 WARNING app.processing.normalize_worker: raw_document 903 (external_id=doc-000946): status: unrecognized status: ''
2026-06-10 23:21:00,341 WARNING app.processing.normalize_worker: raw_document 905 (external_id=doc-000949): status: unrecognized status: ''
2026-06-10 23:21:00,341 WARNING app.processing.normalize_worker: raw_document 907 (external_id=doc-000951): tags: tags list contained non-string elements, which were dropped
2026-06-10 23:21:00,341 WARNING app.processing.normalize_worker: raw_document 910 (external_id=doc-000954): published_at: could not parse date: 'invalid-date'
2026-06-10 23:21:00,341 WARNING app.processing.normalize_worker: raw_document 911 (external_id=doc-000955): status: unrecognized status: ''
2026-06-10 23:21:00,342 WARNING app.processing.normalize_worker: raw_document 917 (external_id=doc-000961): updated_at: could not parse date: 'invalid-date'; status: unrecognized status: ''
2026-06-10 23:21:00,342 WARNING app.processing.normalize_worker: raw_document 923 (external_id=None): status: unrecognized status: ''
2026-06-10 23:21:00,343 WARNING app.processing.normalize_worker: raw_document 924 (external_id=doc-000969): published_at: could not parse date: 'invalid-date'
2026-06-10 23:21:00,343 WARNING app.processing.normalize_worker: raw_document 925 (external_id=doc-000970): published_at: could not parse date: 'invalid-date'; updated_at: could not parse date: 'invalid-date'
2026-06-10 23:21:00,343 WARNING app.processing.normalize_worker: raw_document 928 (external_id=None): tags: unexpected type for tags: int: 123
2026-06-10 23:21:00,343 WARNING app.processing.normalize_worker: raw_document 929 (external_id=doc-000974): published_at: could not parse date: '2023-13-45'
2026-06-10 23:21:00,349 WARNING app.processing.normalize_worker: raw_document 932 (external_id=doc-000979): published_at: could not parse date: '2023-13-45'
2026-06-10 23:21:00,349 WARNING app.processing.normalize_worker: raw_document 933 (external_id=doc-000980): relevance_score: could not parse float: 'high'
2026-06-10 23:21:00,349 WARNING app.processing.normalize_worker: raw_document 936 (external_id=doc-000983): status: unrecognized status: ''
2026-06-10 23:21:00,350 WARNING app.processing.normalize_worker: raw_document 938 (external_id=doc-000985): tags: tags list contained non-string elements, which were dropped
2026-06-10 23:21:00,350 WARNING app.processing.normalize_worker: raw_document 940 (external_id=doc-000987): published_at: could not parse date: '2023-13-45'
2026-06-10 23:21:00,350 WARNING app.processing.normalize_worker: raw_document 941 (external_id=doc-000988): published_at: could not parse date: 'invalid-date'
2026-06-10 23:21:00,350 WARNING app.processing.normalize_worker: raw_document 943 (external_id=doc-000990): published_at: could not parse date: 'invalid-date'; tags: unexpected type for tags: int: 123
2026-06-10 23:21:00,350 WARNING app.processing.normalize_worker: raw_document 946 (external_id=doc-000993): status: unrecognized status: ''
2026-06-10 23:21:00,351 WARNING app.processing.normalize_worker: raw_document 955 (external_id=doc-001002): word_count: could not parse integer: 'lots'
2026-06-10 23:21:00,351 WARNING app.processing.normalize_worker: raw_document 959 (external_id=doc-001006): status: unrecognized status: ''
2026-06-10 23:21:00,352 WARNING app.processing.normalize_worker: raw_document 963 (external_id=None): tags: tags list contained non-string elements, which were dropped
2026-06-10 23:21:00,352 WARNING app.processing.normalize_worker: raw_document 965 (external_id=doc-001012): tags: tags list contained non-string elements, which were dropped
2026-06-10 23:21:00,352 WARNING app.processing.normalize_worker: raw_document 966 (external_id=doc-001013): citation_count: could not parse integer: 'many'
2026-06-10 23:21:00,352 WARNING app.processing.normalize_worker: raw_document 967 (external_id=doc-001014): published_at: could not parse date: 'invalid-date'; citation_count: could not parse integer: 'many'
2026-06-10 23:21:00,352 WARNING app.processing.normalize_worker: raw_document 969 (external_id=doc-001016): tags: unexpected type for tags: int: 123
2026-06-10 23:21:00,353 WARNING app.processing.normalize_worker: raw_document 972 (external_id=doc-001019): updated_at: could not parse date: 'invalid-date'
2026-06-10 23:21:00,353 WARNING app.processing.normalize_worker: raw_document 974 (external_id=doc-001021): updated_at: could not parse date: '2023-13-45'
2026-06-10 23:21:00,353 WARNING app.processing.normalize_worker: raw_document 977 (external_id=doc-001024): updated_at: could not parse date: 'invalid-date'
2026-06-10 23:21:00,353 WARNING app.processing.normalize_worker: raw_document 978 (external_id=None): word_count: could not parse integer: 'lots'
2026-06-10 23:21:00,354 WARNING app.processing.normalize_worker: raw_document 980 (external_id=None): status: unrecognized status: ''
2026-06-10 23:21:00,354 WARNING app.processing.normalize_worker: raw_document 986 (external_id=None): published_at: could not parse date: 'invalid-date'
2026-06-10 23:21:00,355 WARNING app.processing.normalize_worker: raw_document 997 (external_id=doc-001044): updated_at: could not parse date: '2023-13-45'
2026-06-10 23:21:00,355 WARNING app.processing.normalize_worker: raw_document 998 (external_id=doc-001046): published_at: could not parse date: 'invalid-date'; updated_at: could not parse date: 'invalid-date'
2026-06-10 23:21:00,355 WARNING app.processing.normalize_worker: raw_document 999 (external_id=doc-001048): published_at: could not parse date: '2023-13-45'; relevance_score: could not parse float: 'high'
2026-06-10 23:21:00,375 INFO app.processing.normalize_worker: stage 1: normalized 500 raw documents (remaining=2766)
2026-06-10 23:21:00,375 INFO app.services.ingestion_service: app.processing.normalize_worker: processed=500 remaining=2766
2026-06-10 23:21:00,381 WARNING app.processing.normalize_worker: raw_document 1001 (external_id=doc-001050): tags: tags list contained non-string elements, which were dropped
2026-06-10 23:21:00,381 WARNING app.processing.normalize_worker: raw_document 1004 (external_id=doc-001053): published_at: could not parse date: 'invalid-date'
2026-06-10 23:21:00,381 WARNING app.processing.normalize_worker: raw_document 1007 (external_id=doc-001056): relevance_score: could not parse float: 'high'
2026-06-10 23:21:00,382 WARNING app.processing.normalize_worker: raw_document 1009 (external_id=doc-001058): citation_count: could not parse integer: 'many'
2026-06-10 23:21:00,382 WARNING app.processing.normalize_worker: raw_document 1010 (external_id=doc-001059): word_count: could not parse integer: 'lots'
2026-06-10 23:21:00,382 WARNING app.processing.normalize_worker: raw_document 1011 (external_id=None): updated_at: could not parse date: 'invalid-date'; status: unrecognized status: ''
2026-06-10 23:21:00,382 WARNING app.processing.normalize_worker: raw_document 1013 (external_id=doc-001062): published_at: could not parse date: 'invalid-date'
2026-06-10 23:21:00,383 WARNING app.processing.normalize_worker: raw_document 1019 (external_id=doc-001068): citation_count: could not parse integer: 'many'
2026-06-10 23:21:00,383 WARNING app.processing.normalize_worker: raw_document 1022 (external_id=doc-001071): updated_at: could not parse date: 'invalid-date'
2026-06-10 23:21:00,383 WARNING app.processing.normalize_worker: raw_document 1024 (external_id=doc-001073): citation_count: could not parse integer: 'many'
2026-06-10 23:21:00,384 WARNING app.processing.normalize_worker: raw_document 1038 (external_id=doc-001089): tags: unexpected type for tags: int: 123
2026-06-10 23:21:00,385 WARNING app.processing.normalize_worker: raw_document 1042 (external_id=doc-001093): updated_at: could not parse date: 'invalid-date'
2026-06-10 23:21:00,385 WARNING app.processing.normalize_worker: raw_document 1049 (external_id=doc-001100): status: unrecognized status: ''
2026-06-10 23:21:00,385 WARNING app.processing.normalize_worker: raw_document 1050 (external_id=doc-001101): updated_at: could not parse date: 'invalid-date'
2026-06-10 23:21:00,386 WARNING app.processing.normalize_worker: raw_document 1056 (external_id=None): word_count: could not parse integer: 'lots'
2026-06-10 23:21:00,386 WARNING app.processing.normalize_worker: raw_document 1059 (external_id=doc-001111): citation_count: could not parse integer: 'many'
2026-06-10 23:21:00,393 WARNING app.processing.normalize_worker: raw_document 1067 (external_id=doc-001119): updated_at: could not parse date: 'invalid-date'
2026-06-10 23:21:00,393 WARNING app.processing.normalize_worker: raw_document 1068 (external_id=None): published_at: could not parse date: '2023-13-45'; citation_count: could not parse integer: 'many'
2026-06-10 23:21:00,394 WARNING app.processing.normalize_worker: raw_document 1072 (external_id=doc-001124): tags: tags list contained non-string elements, which were dropped
2026-06-10 23:21:00,394 WARNING app.processing.normalize_worker: raw_document 1078 (external_id=doc-001130): updated_at: could not parse date: 'invalid-date'
2026-06-10 23:21:00,394 WARNING app.processing.normalize_worker: raw_document 1079 (external_id=None): published_at: could not parse date: 'invalid-date'
2026-06-10 23:21:00,395 WARNING app.processing.normalize_worker: raw_document 1083 (external_id=doc-001135): status: unrecognized status: ''
2026-06-10 23:21:00,395 WARNING app.processing.normalize_worker: raw_document 1084 (external_id=doc-001136): status: unrecognized status: ''
2026-06-10 23:21:00,395 WARNING app.processing.normalize_worker: raw_document 1087 (external_id=None): updated_at: could not parse date: '2023-13-45'
2026-06-10 23:21:00,395 WARNING app.processing.normalize_worker: raw_document 1090 (external_id=doc-001142): status: unrecognized status: ''
2026-06-10 23:21:00,396 WARNING app.processing.normalize_worker: raw_document 1100 (external_id=doc-001153): tags: unexpected type for tags: int: 123
2026-06-10 23:21:00,396 WARNING app.processing.normalize_worker: raw_document 1102 (external_id=None): status: unrecognized status: ''
2026-06-10 23:21:00,397 WARNING app.processing.normalize_worker: raw_document 1109 (external_id=doc-001163): updated_at: could not parse date: 'invalid-date'
2026-06-10 23:21:00,397 WARNING app.processing.normalize_worker: raw_document 1110 (external_id=doc-001164): published_at: could not parse date: '2023-13-45'; status: unrecognized status: ''
2026-06-10 23:21:00,402 WARNING app.processing.normalize_worker: raw_document 1112 (external_id=doc-001167): tags: tags list contained non-string elements, which were dropped
2026-06-10 23:21:00,402 WARNING app.processing.normalize_worker: raw_document 1113 (external_id=doc-001168): word_count: could not parse integer: 'lots'
2026-06-10 23:21:00,402 WARNING app.processing.normalize_worker: raw_document 1114 (external_id=doc-001169): tags: tags list contained non-string elements, which were dropped
2026-06-10 23:21:00,402 WARNING app.processing.normalize_worker: raw_document 1115 (external_id=None): word_count: could not parse integer: 'lots'
2026-06-10 23:21:00,402 WARNING app.processing.normalize_worker: raw_document 1116 (external_id=doc-001171): status: unrecognized status: ''
2026-06-10 23:21:00,403 WARNING app.processing.normalize_worker: raw_document 1118 (external_id=doc-001173): updated_at: could not parse date: 'invalid-date'
2026-06-10 23:21:00,403 WARNING app.processing.normalize_worker: raw_document 1122 (external_id=doc-001179): tags: tags list contained non-string elements, which were dropped
2026-06-10 23:21:00,403 WARNING app.processing.normalize_worker: raw_document 1124 (external_id=doc-001181): published_at: could not parse date: 'invalid-date'
2026-06-10 23:21:00,403 WARNING app.processing.normalize_worker: raw_document 1125 (external_id=doc-001182): word_count: could not parse integer: 'lots'
2026-06-10 23:21:00,403 WARNING app.processing.normalize_worker: raw_document 1126 (external_id=doc-001183): status: unrecognized status: ''
2026-06-10 23:21:00,404 WARNING app.processing.normalize_worker: raw_document 1127 (external_id=doc-001184): updated_at: could not parse date: '2023-13-45'
2026-06-10 23:21:00,404 WARNING app.processing.normalize_worker: raw_document 1130 (external_id=doc-001187): status: unrecognized status: ''; tags: unexpected type for tags: int: 123
2026-06-10 23:21:00,407 WARNING app.processing.normalize_worker: raw_document 1132 (external_id=doc-001189): tags: tags list contained non-string elements, which were dropped
2026-06-10 23:21:00,407 WARNING app.processing.normalize_worker: raw_document 1136 (external_id=doc-001194): relevance_score: could not parse float: 'high'
2026-06-10 23:21:00,407 WARNING app.processing.normalize_worker: raw_document 1137 (external_id=doc-001195): status: unrecognized status: ''
2026-06-10 23:21:00,407 WARNING app.processing.normalize_worker: raw_document 1138 (external_id=doc-001196): citation_count: could not parse integer: 'many'
2026-06-10 23:21:00,408 WARNING app.processing.normalize_worker: raw_document 1142 (external_id=doc-001201): updated_at: could not parse date: 'invalid-date'
2026-06-10 23:21:00,408 WARNING app.processing.normalize_worker: raw_document 1146 (external_id=doc-001207): tags: unexpected type for tags: int: 123
2026-06-10 23:21:00,408 WARNING app.processing.normalize_worker: raw_document 1148 (external_id=doc-001209): tags: unexpected type for tags: int: 123
2026-06-10 23:21:00,408 WARNING app.processing.normalize_worker: raw_document 1151 (external_id=doc-001213): updated_at: could not parse date: '2023-13-45'; tags: tags list contained non-string elements, which were dropped
2026-06-10 23:21:00,409 WARNING app.processing.normalize_worker: raw_document 1157 (external_id=doc-001219): updated_at: could not parse date: '2023-13-45'; status: unrecognized status: ''
2026-06-10 23:21:00,409 WARNING app.processing.normalize_worker: raw_document 1159 (external_id=doc-001221): status: unrecognized status: ''
2026-06-10 23:21:00,410 WARNING app.processing.normalize_worker: raw_document 1167 (external_id=doc-001230): tags: tags list contained non-string elements, which were dropped
2026-06-10 23:21:00,410 WARNING app.processing.normalize_worker: raw_document 1171 (external_id=doc-001235): published_at: could not parse date: 'invalid-date'
2026-06-10 23:21:00,410 WARNING app.processing.normalize_worker: raw_document 1172 (external_id=doc-001236): relevance_score: could not parse float: 'high'
2026-06-10 23:21:00,411 WARNING app.processing.normalize_worker: raw_document 1174 (external_id=doc-001238): updated_at: could not parse date: 'invalid-date'
2026-06-10 23:21:00,411 WARNING app.processing.normalize_worker: raw_document 1176 (external_id=doc-001240): citation_count: could not parse integer: 'many'
2026-06-10 23:21:00,411 WARNING app.processing.normalize_worker: raw_document 1179 (external_id=doc-001243): status: unrecognized status: ''
2026-06-10 23:21:00,411 WARNING app.processing.normalize_worker: raw_document 1182 (external_id=doc-001246): relevance_score: could not parse float: 'high'
2026-06-10 23:21:00,412 WARNING app.processing.normalize_worker: raw_document 1185 (external_id=doc-001249): published_at: could not parse date: '2023-13-45'; updated_at: could not parse date: 'invalid-date'
2026-06-10 23:21:00,412 WARNING app.processing.normalize_worker: raw_document 1188 (external_id=doc-001252): word_count: could not parse integer: 'lots'
2026-06-10 23:21:00,412 WARNING app.processing.normalize_worker: raw_document 1189 (external_id=doc-001253): published_at: could not parse date: 'invalid-date'
2026-06-10 23:21:00,413 WARNING app.processing.normalize_worker: raw_document 1193 (external_id=None): published_at: could not parse date: '2023-13-45'
2026-06-10 23:21:00,413 WARNING app.processing.normalize_worker: raw_document 1195 (external_id=doc-001259): tags: tags list contained non-string elements, which were dropped
2026-06-10 23:21:00,413 WARNING app.processing.normalize_worker: raw_document 1199 (external_id=None): tags: tags list contained non-string elements, which were dropped
2026-06-10 23:21:00,413 WARNING app.processing.normalize_worker: raw_document 1202 (external_id=doc-001267): published_at: could not parse date: 'invalid-date'; updated_at: could not parse date: 'invalid-date'; tags: unexpected type for tags: int: 123
2026-06-10 23:21:00,413 WARNING app.processing.normalize_worker: raw_document 1204 (external_id=doc-001269): relevance_score: could not parse float: 'high'
2026-06-10 23:21:00,414 WARNING app.processing.normalize_worker: raw_document 1205 (external_id=doc-001270): status: unrecognized status: ''
2026-06-10 23:21:00,414 WARNING app.processing.normalize_worker: raw_document 1206 (external_id=doc-001271): relevance_score: could not parse float: 'high'
2026-06-10 23:21:00,414 WARNING app.processing.normalize_worker: raw_document 1209 (external_id=doc-001274): updated_at: could not parse date: '2023-13-45'
2026-06-10 23:21:00,414 WARNING app.processing.normalize_worker: raw_document 1210 (external_id=doc-001275): status: unrecognized status: ''
2026-06-10 23:21:00,414 WARNING app.processing.normalize_worker: raw_document 1211 (external_id=doc-001277): word_count: could not parse integer: 'lots'
2026-06-10 23:21:00,415 WARNING app.processing.normalize_worker: raw_document 1216 (external_id=doc-001282): updated_at: could not parse date: '2023-13-45'
2026-06-10 23:21:00,415 WARNING app.processing.normalize_worker: raw_document 1219 (external_id=doc-001285): updated_at: could not parse date: 'invalid-date'
2026-06-10 23:21:00,415 WARNING app.processing.normalize_worker: raw_document 1220 (external_id=doc-001286): published_at: could not parse date: 'invalid-date'
2026-06-10 23:21:00,415 WARNING app.processing.normalize_worker: raw_document 1221 (external_id=None): published_at: could not parse date: '2023-13-45'
2026-06-10 23:21:00,416 WARNING app.processing.normalize_worker: raw_document 1225 (external_id=doc-001293): published_at: could not parse date: '2023-13-45'; citation_count: could not parse integer: 'many'
2026-06-10 23:21:00,416 WARNING app.processing.normalize_worker: raw_document 1229 (external_id=doc-001298): citation_count: could not parse integer: 'many'; word_count: could not parse integer: 'lots'
2026-06-10 23:21:00,416 WARNING app.processing.normalize_worker: raw_document 1231 (external_id=doc-001300): published_at: could not parse date: 'invalid-date'
2026-06-10 23:21:00,416 WARNING app.processing.normalize_worker: raw_document 1234 (external_id=doc-001303): updated_at: could not parse date: 'invalid-date'
2026-06-10 23:21:00,417 WARNING app.processing.normalize_worker: raw_document 1237 (external_id=doc-001306): published_at: could not parse date: 'invalid-date'; updated_at: could not parse date: 'invalid-date'
2026-06-10 23:21:00,417 WARNING app.processing.normalize_worker: raw_document 1238 (external_id=doc-001307): published_at: could not parse date: 'invalid-date'
2026-06-10 23:21:00,417 WARNING app.processing.normalize_worker: raw_document 1239 (external_id=doc-001308): status: unrecognized status: ''
2026-06-10 23:21:00,417 WARNING app.processing.normalize_worker: raw_document 1243 (external_id=doc-001313): tags: tags list contained non-string elements, which were dropped
2026-06-10 23:21:00,418 WARNING app.processing.normalize_worker: raw_document 1247 (external_id=doc-001317): published_at: could not parse date: '2023-13-45'
2026-06-10 23:21:00,418 WARNING app.processing.normalize_worker: raw_document 1250 (external_id=doc-001320): citation_count: could not parse integer: 'many'
2026-06-10 23:21:00,419 WARNING app.processing.normalize_worker: raw_document 1262 (external_id=doc-001333): tags: tags list contained non-string elements, which were dropped
2026-06-10 23:21:00,419 WARNING app.processing.normalize_worker: raw_document 1263 (external_id=doc-001334): relevance_score: could not parse float: 'high'
2026-06-10 23:21:00,419 WARNING app.processing.normalize_worker: raw_document 1264 (external_id=doc-001336): published_at: could not parse date: 'invalid-date'; status: unrecognized status: ''
2026-06-10 23:21:00,419 WARNING app.processing.normalize_worker: raw_document 1265 (external_id=doc-001337): tags: unexpected type for tags: int: 123
2026-06-10 23:21:00,420 WARNING app.processing.normalize_worker: raw_document 1272 (external_id=doc-001345): published_at: could not parse date: 'invalid-date'
2026-06-10 23:21:00,420 WARNING app.processing.normalize_worker: raw_document 1275 (external_id=doc-001348): updated_at: could not parse date: 'invalid-date'
2026-06-10 23:21:00,420 WARNING app.processing.normalize_worker: raw_document 1277 (external_id=doc-001350): published_at: could not parse date: 'invalid-date'; citation_count: could not parse integer: 'many'
2026-06-10 23:21:00,420 WARNING app.processing.normalize_worker: raw_document 1278 (external_id=doc-001351): word_count: could not parse integer: 'lots'
2026-06-10 23:21:00,421 WARNING app.processing.normalize_worker: raw_document 1281 (external_id=doc-001354): updated_at: could not parse date: '2023-13-45'; tags: tags list contained non-string elements, which were dropped
2026-06-10 23:21:00,421 WARNING app.processing.normalize_worker: raw_document 1284 (external_id=doc-001357): tags: unexpected type for tags: int: 123
2026-06-10 23:21:00,421 WARNING app.processing.normalize_worker: raw_document 1286 (external_id=doc-001359): tags: tags list contained non-string elements, which were dropped
2026-06-10 23:21:00,421 WARNING app.processing.normalize_worker: raw_document 1287 (external_id=doc-001360): updated_at: could not parse date: 'invalid-date'
2026-06-10 23:21:00,422 WARNING app.processing.normalize_worker: raw_document 1292 (external_id=doc-001365): published_at: could not parse date: 'invalid-date'
2026-06-10 23:21:00,422 WARNING app.processing.normalize_worker: raw_document 1296 (external_id=doc-001369): tags: tags list contained non-string elements, which were dropped
2026-06-10 23:21:00,422 WARNING app.processing.normalize_worker: raw_document 1300 (external_id=None): word_count: could not parse integer: 'lots'
2026-06-10 23:21:00,423 WARNING app.processing.normalize_worker: raw_document 1304 (external_id=doc-001378): tags: tags list contained non-string elements, which were dropped
2026-06-10 23:21:00,423 WARNING app.processing.normalize_worker: raw_document 1305 (external_id=doc-001379): status: unrecognized status: ''
2026-06-10 23:21:00,423 WARNING app.processing.normalize_worker: raw_document 1306 (external_id=doc-001380): word_count: could not parse integer: 'lots'
2026-06-10 23:21:00,423 WARNING app.processing.normalize_worker: raw_document 1311 (external_id=doc-001385): updated_at: could not parse date: '2023-13-45'
2026-06-10 23:21:00,424 WARNING app.processing.normalize_worker: raw_document 1312 (external_id=doc-001386): word_count: could not parse integer: 'lots'
2026-06-10 23:21:00,424 WARNING app.processing.normalize_worker: raw_document 1313 (external_id=doc-001387): status: unrecognized status: ''
2026-06-10 23:21:00,424 WARNING app.processing.normalize_worker: raw_document 1314 (external_id=doc-001388): published_at: could not parse date: 'invalid-date'
2026-06-10 23:21:00,424 WARNING app.processing.normalize_worker: raw_document 1315 (external_id=doc-001389): tags: unexpected type for tags: int: 123
2026-06-10 23:21:00,424 WARNING app.processing.normalize_worker: raw_document 1317 (external_id=None): published_at: could not parse date: 'invalid-date'; status: unrecognized status: ''
2026-06-10 23:21:00,424 WARNING app.processing.normalize_worker: raw_document 1319 (external_id=doc-001393): updated_at: could not parse date: '2023-13-45'
2026-06-10 23:21:00,425 WARNING app.processing.normalize_worker: raw_document 1320 (external_id=doc-001394): updated_at: could not parse date: '2023-13-45'; word_count: could not parse integer: 'lots'
2026-06-10 23:21:00,425 WARNING app.processing.normalize_worker: raw_document 1321 (external_id=doc-001395): status: unrecognized status: ''
2026-06-10 23:21:00,425 WARNING app.processing.normalize_worker: raw_document 1331 (external_id=doc-001406): relevance_score: could not parse float: 'high'
2026-06-10 23:21:00,426 WARNING app.processing.normalize_worker: raw_document 1334 (external_id=doc-001409): tags: unexpected type for tags: int: 123
2026-06-10 23:21:00,426 WARNING app.processing.normalize_worker: raw_document 1344 (external_id=doc-001420): published_at: could not parse date: 'invalid-date'
2026-06-10 23:21:00,427 WARNING app.processing.normalize_worker: raw_document 1351 (external_id=doc-001427): relevance_score: could not parse float: 'high'
2026-06-10 23:21:00,427 WARNING app.processing.normalize_worker: raw_document 1353 (external_id=None): published_at: could not parse date: 'invalid-date'
2026-06-10 23:21:00,427 WARNING app.processing.normalize_worker: raw_document 1354 (external_id=doc-001430): status: unrecognized status: ''; tags: unexpected type for tags: int: 123
2026-06-10 23:21:00,428 WARNING app.processing.normalize_worker: raw_document 1357 (external_id=doc-001433): published_at: could not parse date: 'invalid-date'
2026-06-10 23:21:00,428 WARNING app.processing.normalize_worker: raw_document 1361 (external_id=doc-001437): status: unrecognized status: ''
2026-06-10 23:21:00,428 WARNING app.processing.normalize_worker: raw_document 1364 (external_id=doc-001440): citation_count: could not parse integer: 'many'
2026-06-10 23:21:00,428 WARNING app.processing.normalize_worker: raw_document 1366 (external_id=doc-001442): published_at: could not parse date: '2023-13-45'; status: unrecognized status: ''; tags: tags list contained non-string elements, which were dropped
2026-06-10 23:21:00,429 WARNING app.processing.normalize_worker: raw_document 1369 (external_id=None): citation_count: could not parse integer: 'many'
2026-06-10 23:21:00,429 WARNING app.processing.normalize_worker: raw_document 1371 (external_id=doc-001447): word_count: could not parse integer: 'lots'
2026-06-10 23:21:00,429 WARNING app.processing.normalize_worker: raw_document 1374 (external_id=doc-001450): published_at: could not parse date: 'invalid-date'
2026-06-10 23:21:00,430 WARNING app.processing.normalize_worker: raw_document 1377 (external_id=doc-001454): status: unrecognized status: ''
2026-06-10 23:21:00,430 WARNING app.processing.normalize_worker: raw_document 1379 (external_id=doc-001456): relevance_score: could not parse float: 'high'
2026-06-10 23:21:00,430 WARNING app.processing.normalize_worker: raw_document 1380 (external_id=doc-001458): status: unrecognized status: ''
2026-06-10 23:21:00,430 WARNING app.processing.normalize_worker: raw_document 1381 (external_id=None): status: unrecognized status: ''
2026-06-10 23:21:00,430 WARNING app.processing.normalize_worker: raw_document 1383 (external_id=doc-001461): updated_at: could not parse date: '2023-13-45'
2026-06-10 23:21:00,430 WARNING app.processing.normalize_worker: raw_document 1384 (external_id=doc-001462): status: unrecognized status: ''
2026-06-10 23:21:00,431 WARNING app.processing.normalize_worker: raw_document 1389 (external_id=doc-001467): status: unrecognized status: ''; tags: tags list contained non-string elements, which were dropped
2026-06-10 23:21:00,431 WARNING app.processing.normalize_worker: raw_document 1394 (external_id=doc-001472): published_at: could not parse date: 'invalid-date'
2026-06-10 23:21:00,431 WARNING app.processing.normalize_worker: raw_document 1395 (external_id=None): relevance_score: could not parse float: 'high'
2026-06-10 23:21:00,431 WARNING app.processing.normalize_worker: raw_document 1396 (external_id=doc-001474): updated_at: could not parse date: 'invalid-date'; status: unrecognized status: ''
2026-06-10 23:21:00,432 WARNING app.processing.normalize_worker: raw_document 1397 (external_id=doc-001475): updated_at: could not parse date: 'invalid-date'
2026-06-10 23:21:00,432 WARNING app.processing.normalize_worker: raw_document 1399 (external_id=doc-001477): tags: unexpected type for tags: int: 123
2026-06-10 23:21:00,432 WARNING app.processing.normalize_worker: raw_document 1403 (external_id=None): status: unrecognized status: ''
2026-06-10 23:21:00,433 WARNING app.processing.normalize_worker: raw_document 1417 (external_id=doc-001496): updated_at: could not parse date: 'invalid-date'
2026-06-10 23:21:00,433 WARNING app.processing.normalize_worker: raw_document 1418 (external_id=doc-001497): relevance_score: could not parse float: 'high'
2026-06-10 23:21:00,434 WARNING app.processing.normalize_worker: raw_document 1420 (external_id=doc-001499): updated_at: could not parse date: 'invalid-date'; tags: unexpected type for tags: int: 123
2026-06-10 23:21:00,434 WARNING app.processing.normalize_worker: raw_document 1421 (external_id=doc-001500): published_at: could not parse date: '2023-13-45'; updated_at: could not parse date: '2023-13-45'
2026-06-10 23:21:00,434 WARNING app.processing.normalize_worker: raw_document 1427 (external_id=doc-001506): published_at: could not parse date: 'invalid-date'; updated_at: could not parse date: 'invalid-date'
2026-06-10 23:21:00,434 WARNING app.processing.normalize_worker: raw_document 1428 (external_id=doc-001507): status: unrecognized status: ''
2026-06-10 23:21:00,459 WARNING app.processing.normalize_worker: raw_document 1431 (external_id=doc-001510): tags: unexpected type for tags: int: 123
2026-06-10 23:21:00,461 WARNING app.processing.normalize_worker: raw_document 1434 (external_id=doc-001513): status: unrecognized status: ''; word_count: could not parse integer: 'lots'
2026-06-10 23:21:00,461 WARNING app.processing.normalize_worker: raw_document 1435 (external_id=doc-001514): status: unrecognized status: ''
2026-06-10 23:21:00,461 WARNING app.processing.normalize_worker: raw_document 1437 (external_id=1516): published_at: could not parse date: 'invalid-date'
2026-06-10 23:21:00,461 WARNING app.processing.normalize_worker: raw_document 1438 (external_id=doc-001517): word_count: could not parse integer: 'lots'
2026-06-10 23:21:00,461 WARNING app.processing.normalize_worker: raw_document 1439 (external_id=doc-001518): published_at: could not parse date: '2023-13-45'
2026-06-10 23:21:00,462 WARNING app.processing.normalize_worker: raw_document 1442 (external_id=doc-001521): citation_count: could not parse integer: 'many'
2026-06-10 23:21:00,462 WARNING app.processing.normalize_worker: raw_document 1443 (external_id=doc-001522): word_count: could not parse integer: 'lots'
2026-06-10 23:21:00,463 WARNING app.processing.normalize_worker: raw_document 1452 (external_id=doc-001531): status: unrecognized status: ''
2026-06-10 23:21:00,463 WARNING app.processing.normalize_worker: raw_document 1457 (external_id=doc-001536): tags: unexpected type for tags: int: 123
2026-06-10 23:21:00,464 WARNING app.processing.normalize_worker: raw_document 1464 (external_id=doc-001543): citation_count: could not parse integer: 'many'
2026-06-10 23:21:00,464 WARNING app.processing.normalize_worker: raw_document 1467 (external_id=doc-001546): updated_at: could not parse date: '2023-13-45'
2026-06-10 23:21:00,464 WARNING app.processing.normalize_worker: raw_document 1471 (external_id=doc-001550): tags: unexpected type for tags: int: 123
2026-06-10 23:21:00,464 WARNING app.processing.normalize_worker: raw_document 1472 (external_id=doc-001551): tags: tags list contained non-string elements, which were dropped
2026-06-10 23:21:00,465 WARNING app.processing.normalize_worker: raw_document 1475 (external_id=doc-001554): tags: unexpected type for tags: int: 123
2026-06-10 23:21:00,465 WARNING app.processing.normalize_worker: raw_document 1478 (external_id=doc-001557): word_count: could not parse integer: 'lots'; tags: unexpected type for tags: int: 123
2026-06-10 23:21:00,465 WARNING app.processing.normalize_worker: raw_document 1480 (external_id=doc-001559): updated_at: could not parse date: 'invalid-date'
2026-06-10 23:21:00,465 WARNING app.processing.normalize_worker: raw_document 1482 (external_id=doc-001561): status: unrecognized status: ''
2026-06-10 23:21:00,466 WARNING app.processing.normalize_worker: raw_document 1485 (external_id=None): tags: unexpected type for tags: int: 123
2026-06-10 23:21:00,466 WARNING app.processing.normalize_worker: raw_document 1490 (external_id=doc-001569): published_at: could not parse date: 'invalid-date'
2026-06-10 23:21:00,466 WARNING app.processing.normalize_worker: raw_document 1491 (external_id=None): published_at: could not parse date: 'invalid-date'
2026-06-10 23:21:00,467 WARNING app.processing.normalize_worker: raw_document 1494 (external_id=doc-001573): tags: unexpected type for tags: int: 123
2026-06-10 23:21:00,467 WARNING app.processing.normalize_worker: raw_document 1496 (external_id=None): published_at: could not parse date: '2023-13-45'
2026-06-10 23:21:00,467 WARNING app.processing.normalize_worker: raw_document 1497 (external_id=doc-001576): word_count: could not parse integer: 'lots'
2026-06-10 23:21:00,467 WARNING app.processing.normalize_worker: raw_document 1500 (external_id=doc-001579): published_at: could not parse date: '2023-13-45'
2026-06-10 23:21:00,487 INFO app.processing.normalize_worker: stage 1: normalized 500 raw documents (remaining=2266)
2026-06-10 23:21:00,487 INFO app.services.ingestion_service: app.processing.normalize_worker: processed=500 remaining=2266
2026-06-10 23:21:00,492 WARNING app.processing.normalize_worker: raw_document 1501 (external_id=doc-001580): citation_count: could not parse integer: 'many'
2026-06-10 23:21:00,492 WARNING app.processing.normalize_worker: raw_document 1503 (external_id=doc-001582): status: unrecognized status: ''
2026-06-10 23:21:00,492 WARNING app.processing.normalize_worker: raw_document 1506 (external_id=doc-001585): updated_at: could not parse date: '2023-13-45'
2026-06-10 23:21:00,493 WARNING app.processing.normalize_worker: raw_document 1510 (external_id=doc-001590): published_at: could not parse date: 'invalid-date'
2026-06-10 23:21:00,493 WARNING app.processing.normalize_worker: raw_document 1512 (external_id=None): published_at: could not parse date: 'invalid-date'; updated_at: could not parse date: 'invalid-date'
2026-06-10 23:21:00,493 WARNING app.processing.normalize_worker: raw_document 1514 (external_id=doc-001594): status: unrecognized status: ''
2026-06-10 23:21:00,493 WARNING app.processing.normalize_worker: raw_document 1518 (external_id=None): published_at: could not parse date: '2023-13-45'
2026-06-10 23:21:00,494 WARNING app.processing.normalize_worker: raw_document 1520 (external_id=doc-001601): status: unrecognized status: ''
2026-06-10 23:21:00,494 WARNING app.processing.normalize_worker: raw_document 1524 (external_id=doc-001606): tags: tags list contained non-string elements, which were dropped
2026-06-10 23:21:00,494 WARNING app.processing.normalize_worker: raw_document 1525 (external_id=doc-001608): updated_at: could not parse date: 'invalid-date'
2026-06-10 23:21:00,494 WARNING app.processing.normalize_worker: raw_document 1528 (external_id=doc-001611): updated_at: could not parse date: '2023-13-45'
2026-06-10 23:21:00,494 WARNING app.processing.normalize_worker: raw_document 1529 (external_id=None): published_at: could not parse date: '2023-13-45'
2026-06-10 23:21:00,495 WARNING app.processing.normalize_worker: raw_document 1532 (external_id=doc-001615): tags: tags list contained non-string elements, which were dropped
2026-06-10 23:21:00,495 WARNING app.processing.normalize_worker: raw_document 1533 (external_id=doc-001616): updated_at: could not parse date: 'invalid-date'
2026-06-10 23:21:00,495 WARNING app.processing.normalize_worker: raw_document 1537 (external_id=doc-001620): tags: unexpected type for tags: int: 123
2026-06-10 23:21:00,496 WARNING app.processing.normalize_worker: raw_document 1545 (external_id=doc-001628): published_at: could not parse date: '2023-13-45'
2026-06-10 23:21:00,496 WARNING app.processing.normalize_worker: raw_document 1546 (external_id=None): published_at: could not parse date: 'invalid-date'; status: unrecognized status: ''; tags: unexpected type for tags: int: 123
2026-06-10 23:21:00,496 WARNING app.processing.normalize_worker: raw_document 1548 (external_id=doc-001631): updated_at: could not parse date: 'invalid-date'
2026-06-10 23:21:00,496 WARNING app.processing.normalize_worker: raw_document 1549 (external_id=doc-001632): status: unrecognized status: ''
2026-06-10 23:21:00,497 WARNING app.processing.normalize_worker: raw_document 1557 (external_id=doc-001641): citation_count: could not parse integer: 'many'
2026-06-10 23:21:00,498 WARNING app.processing.normalize_worker: raw_document 1571 (external_id=doc-001655): status: unrecognized status: ''
2026-06-10 23:21:00,498 WARNING app.processing.normalize_worker: raw_document 1575 (external_id=doc-001659): published_at: could not parse date: '2023-13-45'
2026-06-10 23:21:00,498 WARNING app.processing.normalize_worker: raw_document 1576 (external_id=doc-001660): relevance_score: could not parse float: 'high'; tags: tags list contained non-string elements, which were dropped
2026-06-10 23:21:00,499 WARNING app.processing.normalize_worker: raw_document 1578 (external_id=doc-001662): updated_at: could not parse date: 'invalid-date'
2026-06-10 23:21:00,499 WARNING app.processing.normalize_worker: raw_document 1580 (external_id=doc-001664): status: unrecognized status: ''
2026-06-10 23:21:00,499 WARNING app.processing.normalize_worker: raw_document 1581 (external_id=doc-001665): updated_at: could not parse date: 'invalid-date'
2026-06-10 23:21:00,499 WARNING app.processing.normalize_worker: raw_document 1582 (external_id=doc-001668): published_at: could not parse date: '2023-13-45'
2026-06-10 23:21:00,499 WARNING app.processing.normalize_worker: raw_document 1583 (external_id=doc-001669): word_count: could not parse integer: 'lots'
2026-06-10 23:21:00,499 WARNING app.processing.normalize_worker: raw_document 1585 (external_id=doc-001671): word_count: could not parse integer: 'lots'
2026-06-10 23:21:00,500 WARNING app.processing.normalize_worker: raw_document 1587 (external_id=doc-001673): relevance_score: could not parse float: 'high'
2026-06-10 23:21:00,500 WARNING app.processing.normalize_worker: raw_document 1589 (external_id=doc-001675): status: unrecognized status: ''; citation_count: could not parse integer: 'many'
2026-06-10 23:21:00,500 WARNING app.processing.normalize_worker: raw_document 1596 (external_id=doc-001682): updated_at: could not parse date: '2023-13-45'
2026-06-10 23:21:00,500 WARNING app.processing.normalize_worker: raw_document 1597 (external_id=doc-001683): status: unrecognized status: ''; tags: tags list contained non-string elements, which were dropped
2026-06-10 23:21:00,501 WARNING app.processing.normalize_worker: raw_document 1598 (external_id=doc-001684): published_at: could not parse date: 'invalid-date'
2026-06-10 23:21:00,501 WARNING app.processing.normalize_worker: raw_document 1599 (external_id=doc-001685): updated_at: could not parse date: '2023-13-45'; status: unrecognized status: ''; tags: tags list contained non-string elements, which were dropped
2026-06-10 23:21:00,501 WARNING app.processing.normalize_worker: raw_document 1601 (external_id=doc-001687): status: unrecognized status: ''
2026-06-10 23:21:00,501 WARNING app.processing.normalize_worker: raw_document 1603 (external_id=doc-001689): status: unrecognized status: ''
2026-06-10 23:21:00,501 WARNING app.processing.normalize_worker: raw_document 1604 (external_id=doc-001690): citation_count: could not parse integer: 'many'
2026-06-10 23:21:00,501 WARNING app.processing.normalize_worker: raw_document 1606 (external_id=doc-001693): updated_at: could not parse date: '2023-13-45'
2026-06-10 23:21:00,502 WARNING app.processing.normalize_worker: raw_document 1607 (external_id=doc-001695): status: unrecognized status: ''
2026-06-10 23:21:00,502 WARNING app.processing.normalize_worker: raw_document 1609 (external_id=doc-001697): published_at: could not parse date: '2023-13-45'
2026-06-10 23:21:00,502 WARNING app.processing.normalize_worker: raw_document 1610 (external_id=doc-001698): published_at: could not parse date: 'invalid-date'; updated_at: could not parse date: 'invalid-date'; relevance_score: could not parse float: 'high'; tags: unexpected type for tags: int: 123
2026-06-10 23:21:00,502 WARNING app.processing.normalize_worker: raw_document 1611 (external_id=doc-001699): tags: tags list contained non-string elements, which were dropped
2026-06-10 23:21:00,502 WARNING app.processing.normalize_worker: raw_document 1612 (external_id=None): status: unrecognized status: ''
2026-06-10 23:21:00,502 WARNING app.processing.normalize_worker: raw_document 1614 (external_id=None): published_at: could not parse date: 'invalid-date'; status: unrecognized status: ''
2026-06-10 23:21:00,502 WARNING app.processing.normalize_worker: raw_document 1616 (external_id=doc-001704): relevance_score: could not parse float: 'high'
2026-06-10 23:21:00,503 WARNING app.processing.normalize_worker: raw_document 1622 (external_id=doc-001710): updated_at: could not parse date: '2023-13-45'; status: unrecognized status: ''
2026-06-10 23:21:00,503 WARNING app.processing.normalize_worker: raw_document 1623 (external_id=doc-001711): updated_at: could not parse date: '2023-13-45'
2026-06-10 23:21:00,503 WARNING app.processing.normalize_worker: raw_document 1626 (external_id=doc-001714): status: unrecognized status: ''
2026-06-10 23:21:00,503 WARNING app.processing.normalize_worker: raw_document 1627 (external_id=doc-001716): published_at: could not parse date: 'invalid-date'
2026-06-10 23:21:00,504 WARNING app.processing.normalize_worker: raw_document 1628 (external_id=doc-001717): tags: unexpected type for tags: int: 123
2026-06-10 23:21:00,504 WARNING app.processing.normalize_worker: raw_document 1629 (external_id=doc-001718): status: unrecognized status: ''
2026-06-10 23:21:00,504 WARNING app.processing.normalize_worker: raw_document 1633 (external_id=doc-001722): published_at: could not parse date: '2023-13-45'
2026-06-10 23:21:00,504 WARNING app.processing.normalize_worker: raw_document 1635 (external_id=doc-001724): status: unrecognized status: ''
2026-06-10 23:21:00,516 WARNING app.processing.normalize_worker: raw_document 1640 (external_id=doc-001731): status: unrecognized status: ''
2026-06-10 23:21:00,517 WARNING app.processing.normalize_worker: raw_document 1646 (external_id=doc-001737): updated_at: could not parse date: '2023-13-45'
2026-06-10 23:21:00,517 WARNING app.processing.normalize_worker: raw_document 1647 (external_id=1738): tags: tags list contained non-string elements, which were dropped
2026-06-10 23:21:00,517 WARNING app.processing.normalize_worker: raw_document 1655 (external_id=doc-001746): published_at: could not parse date: '2023-13-45'
2026-06-10 23:21:00,518 WARNING app.processing.normalize_worker: raw_document 1661 (external_id=None): relevance_score: could not parse float: 'high'
2026-06-10 23:21:00,518 WARNING app.processing.normalize_worker: raw_document 1663 (external_id=doc-001757): tags: unexpected type for tags: int: 123
2026-06-10 23:21:00,518 WARNING app.processing.normalize_worker: raw_document 1667 (external_id=doc-001761): status: unrecognized status: ''
2026-06-10 23:21:00,519 WARNING app.processing.normalize_worker: raw_document 1673 (external_id=doc-001767): published_at: could not parse date: '2023-13-45'
2026-06-10 23:21:00,519 WARNING app.processing.normalize_worker: raw_document 1674 (external_id=doc-001768): published_at: could not parse date: '2023-13-45'
2026-06-10 23:21:00,519 WARNING app.processing.normalize_worker: raw_document 1675 (external_id=doc-001769): tags: unexpected type for tags: int: 123
2026-06-10 23:21:00,520 WARNING app.processing.normalize_worker: raw_document 1680 (external_id=doc-001774): word_count: could not parse integer: 'lots'
2026-06-10 23:21:00,520 WARNING app.processing.normalize_worker: raw_document 1684 (external_id=doc-001779): status: unrecognized status: ''
2026-06-10 23:21:00,520 WARNING app.processing.normalize_worker: raw_document 1685 (external_id=doc-001780): updated_at: could not parse date: '2023-13-45'; status: unrecognized status: ''
2026-06-10 23:21:00,520 WARNING app.processing.normalize_worker: raw_document 1687 (external_id=doc-001782): updated_at: could not parse date: '2023-13-45'
2026-06-10 23:21:00,521 WARNING app.processing.normalize_worker: raw_document 1695 (external_id=doc-001790): published_at: could not parse date: '2023-13-45'
2026-06-10 23:21:00,521 WARNING app.processing.normalize_worker: raw_document 1697 (external_id=doc-001792): word_count: could not parse integer: 'lots'
2026-06-10 23:21:00,521 WARNING app.processing.normalize_worker: raw_document 1698 (external_id=doc-001793): word_count: could not parse integer: 'lots'
2026-06-10 23:21:00,522 WARNING app.processing.normalize_worker: raw_document 1699 (external_id=doc-001794): status: unrecognized status: ''
2026-06-10 23:21:00,522 WARNING app.processing.normalize_worker: raw_document 1700 (external_id=None): published_at: could not parse date: 'invalid-date'
2026-06-10 23:21:00,522 WARNING app.processing.normalize_worker: raw_document 1702 (external_id=doc-001797): updated_at: could not parse date: '2023-13-45'; status: unrecognized status: ''
2026-06-10 23:21:00,522 WARNING app.processing.normalize_worker: raw_document 1704 (external_id=doc-001799): updated_at: could not parse date: 'invalid-date'
2026-06-10 23:21:00,522 WARNING app.processing.normalize_worker: raw_document 1705 (external_id=doc-001800): status: unrecognized status: ''; word_count: could not parse integer: 'lots'
2026-06-10 23:21:00,523 WARNING app.processing.normalize_worker: raw_document 1720 (external_id=doc-001817): relevance_score: could not parse float: 'high'
2026-06-10 23:21:00,523 WARNING app.processing.normalize_worker: raw_document 1721 (external_id=doc-001818): tags: tags list contained non-string elements, which were dropped
2026-06-10 23:21:00,524 WARNING app.processing.normalize_worker: raw_document 1727 (external_id=doc-001824): published_at: could not parse date: 'invalid-date'; status: unrecognized status: ''
2026-06-10 23:21:00,525 WARNING app.processing.normalize_worker: raw_document 1735 (external_id=doc-001833): tags: tags list contained non-string elements, which were dropped
2026-06-10 23:21:00,525 WARNING app.processing.normalize_worker: raw_document 1736 (external_id=doc-001834): tags: tags list contained non-string elements, which were dropped
2026-06-10 23:21:00,525 WARNING app.processing.normalize_worker: raw_document 1738 (external_id=doc-001836): published_at: could not parse date: 'invalid-date'
2026-06-10 23:21:00,525 WARNING app.processing.normalize_worker: raw_document 1739 (external_id=doc-001837): tags: tags list contained non-string elements, which were dropped
2026-06-10 23:21:00,525 WARNING app.processing.normalize_worker: raw_document 1742 (external_id=doc-001840): citation_count: could not parse integer: 'many'
2026-06-10 23:21:00,525 WARNING app.processing.normalize_worker: raw_document 1744 (external_id=doc-001842): citation_count: could not parse integer: 'many'
2026-06-10 23:21:00,526 WARNING app.processing.normalize_worker: raw_document 1749 (external_id=doc-001847): citation_count: could not parse integer: 'many'
2026-06-10 23:21:00,526 WARNING app.processing.normalize_worker: raw_document 1751 (external_id=doc-001849): tags: tags list contained non-string elements, which were dropped
2026-06-10 23:21:00,526 WARNING app.processing.normalize_worker: raw_document 1753 (external_id=doc-001851): status: unrecognized status: ''
2026-06-10 23:21:00,526 WARNING app.processing.normalize_worker: raw_document 1755 (external_id=None): status: unrecognized status: ''
2026-06-10 23:21:00,526 WARNING app.processing.normalize_worker: raw_document 1756 (external_id=doc-001854): updated_at: could not parse date: '2023-13-45'
2026-06-10 23:21:00,527 WARNING app.processing.normalize_worker: raw_document 1757 (external_id=doc-001855): updated_at: could not parse date: '2023-13-45'; relevance_score: could not parse float: 'high'
2026-06-10 23:21:00,527 WARNING app.processing.normalize_worker: raw_document 1759 (external_id=doc-001857): citation_count: could not parse integer: 'many'
2026-06-10 23:21:00,527 WARNING app.processing.normalize_worker: raw_document 1760 (external_id=doc-001858): status: unrecognized status: ''
2026-06-10 23:21:00,527 WARNING app.processing.normalize_worker: raw_document 1761 (external_id=doc-001859): relevance_score: could not parse float: 'high'
2026-06-10 23:21:00,527 WARNING app.processing.normalize_worker: raw_document 1763 (external_id=doc-001861): published_at: could not parse date: '2023-13-45'
2026-06-10 23:21:00,527 WARNING app.processing.normalize_worker: raw_document 1764 (external_id=doc-001862): published_at: could not parse date: 'invalid-date'; updated_at: could not parse date: '2023-13-45'
2026-06-10 23:21:00,527 WARNING app.processing.normalize_worker: raw_document 1765 (external_id=doc-001863): published_at: could not parse date: '2023-13-45'
2026-06-10 23:21:00,528 WARNING app.processing.normalize_worker: raw_document 1766 (external_id=doc-001864): status: unrecognized status: ''
2026-06-10 23:21:00,528 WARNING app.processing.normalize_worker: raw_document 1767 (external_id=None): published_at: could not parse date: 'invalid-date'; status: unrecognized status: ''
2026-06-10 23:21:00,528 WARNING app.processing.normalize_worker: raw_document 1776 (external_id=doc-001875): updated_at: could not parse date: 'invalid-date'
2026-06-10 23:21:00,529 WARNING app.processing.normalize_worker: raw_document 1778 (external_id=doc-001877): updated_at: could not parse date: 'invalid-date'; status: unrecognized status: ''
2026-06-10 23:21:00,529 WARNING app.processing.normalize_worker: raw_document 1783 (external_id=doc-001882): updated_at: could not parse date: 'invalid-date'
2026-06-10 23:21:00,529 WARNING app.processing.normalize_worker: raw_document 1784 (external_id=doc-001883): published_at: could not parse date: 'invalid-date'
2026-06-10 23:21:00,529 WARNING app.processing.normalize_worker: raw_document 1785 (external_id=doc-001884): updated_at: could not parse date: 'invalid-date'
2026-06-10 23:21:00,530 WARNING app.processing.normalize_worker: raw_document 1791 (external_id=None): tags: unexpected type for tags: int: 123
2026-06-10 23:21:00,530 WARNING app.processing.normalize_worker: raw_document 1794 (external_id=doc-001893): status: unrecognized status: ''
2026-06-10 23:21:00,530 WARNING app.processing.normalize_worker: raw_document 1800 (external_id=doc-001899): tags: tags list contained non-string elements, which were dropped
2026-06-10 23:21:00,531 WARNING app.processing.normalize_worker: raw_document 1804 (external_id=None): published_at: could not parse date: 'invalid-date'
2026-06-10 23:21:00,531 WARNING app.processing.normalize_worker: raw_document 1805 (external_id=doc-001905): status: unrecognized status: ''; word_count: could not parse integer: 'lots'
2026-06-10 23:21:00,531 WARNING app.processing.normalize_worker: raw_document 1808 (external_id=doc-001908): updated_at: could not parse date: 'invalid-date'
2026-06-10 23:21:00,531 WARNING app.processing.normalize_worker: raw_document 1809 (external_id=doc-001909): published_at: could not parse date: 'invalid-date'; relevance_score: could not parse float: 'high'
2026-06-10 23:21:00,532 WARNING app.processing.normalize_worker: raw_document 1812 (external_id=doc-001912): tags: tags list contained non-string elements, which were dropped
2026-06-10 23:21:00,532 WARNING app.processing.normalize_worker: raw_document 1816 (external_id=doc-001916): published_at: could not parse date: '2023-13-45'
2026-06-10 23:21:00,532 WARNING app.processing.normalize_worker: raw_document 1821 (external_id=doc-001922): word_count: could not parse integer: 'lots'
2026-06-10 23:21:00,533 WARNING app.processing.normalize_worker: raw_document 1823 (external_id=doc-001924): status: unrecognized status: ''
2026-06-10 23:21:00,533 WARNING app.processing.normalize_worker: raw_document 1825 (external_id=doc-001926): published_at: could not parse date: '2023-13-45'
2026-06-10 23:21:00,533 WARNING app.processing.normalize_worker: raw_document 1828 (external_id=doc-001930): published_at: could not parse date: 'invalid-date'
2026-06-10 23:21:00,533 WARNING app.processing.normalize_worker: raw_document 1830 (external_id=1932): tags: tags list contained non-string elements, which were dropped
2026-06-10 23:21:00,533 WARNING app.processing.normalize_worker: raw_document 1832 (external_id=doc-001934): tags: unexpected type for tags: int: 123
2026-06-10 23:21:00,534 WARNING app.processing.normalize_worker: raw_document 1833 (external_id=None): word_count: could not parse integer: 'lots'
2026-06-10 23:21:00,534 WARNING app.processing.normalize_worker: raw_document 1835 (external_id=doc-001937): status: unrecognized status: ''
2026-06-10 23:21:00,534 WARNING app.processing.normalize_worker: raw_document 1836 (external_id=doc-001938): status: unrecognized status: ''
2026-06-10 23:21:00,534 WARNING app.processing.normalize_worker: raw_document 1839 (external_id=doc-001941): published_at: could not parse date: 'invalid-date'; updated_at: could not parse date: 'invalid-date'
2026-06-10 23:21:00,534 WARNING app.processing.normalize_worker: raw_document 1841 (external_id=doc-001943): status: unrecognized status: ''
2026-06-10 23:21:00,535 WARNING app.processing.normalize_worker: raw_document 1847 (external_id=doc-001949): status: unrecognized status: ''
2026-06-10 23:21:00,535 WARNING app.processing.normalize_worker: raw_document 1851 (external_id=doc-001954): citation_count: could not parse integer: 'many'; word_count: could not parse integer: 'lots'
2026-06-10 23:21:00,535 WARNING app.processing.normalize_worker: raw_document 1852 (external_id=None): published_at: could not parse date: 'invalid-date'
2026-06-10 23:21:00,535 WARNING app.processing.normalize_worker: raw_document 1854 (external_id=doc-001958): updated_at: could not parse date: 'invalid-date'; status: unrecognized status: ''
2026-06-10 23:21:00,536 WARNING app.processing.normalize_worker: raw_document 1856 (external_id=doc-001960): word_count: could not parse integer: 'lots'
2026-06-10 23:21:00,536 WARNING app.processing.normalize_worker: raw_document 1858 (external_id=doc-001962): tags: unexpected type for tags: int: 123
2026-06-10 23:21:00,536 WARNING app.processing.normalize_worker: raw_document 1859 (external_id=doc-001963): updated_at: could not parse date: '2023-13-45'
2026-06-10 23:21:00,536 WARNING app.processing.normalize_worker: raw_document 1862 (external_id=doc-001966): tags: unexpected type for tags: int: 123
2026-06-10 23:21:00,536 WARNING app.processing.normalize_worker: raw_document 1863 (external_id=doc-001967): word_count: could not parse integer: 'lots'
2026-06-10 23:21:00,536 WARNING app.processing.normalize_worker: raw_document 1865 (external_id=doc-001969): status: unrecognized status: ''
2026-06-10 23:21:00,537 WARNING app.processing.normalize_worker: raw_document 1866 (external_id=doc-001970): updated_at: could not parse date: '2023-13-45'
2026-06-10 23:21:00,537 WARNING app.processing.normalize_worker: raw_document 1869 (external_id=None): word_count: could not parse integer: 'lots'
2026-06-10 23:21:00,537 WARNING app.processing.normalize_worker: raw_document 1871 (external_id=doc-001976): status: unrecognized status: ''; tags: unexpected type for tags: int: 123
2026-06-10 23:21:00,538 WARNING app.processing.normalize_worker: raw_document 1878 (external_id=doc-001984): word_count: could not parse integer: 'lots'
2026-06-10 23:21:00,538 WARNING app.processing.normalize_worker: raw_document 1879 (external_id=doc-001985): tags: unexpected type for tags: int: 123
2026-06-10 23:21:00,538 WARNING app.processing.normalize_worker: raw_document 1882 (external_id=doc-001988): updated_at: could not parse date: 'invalid-date'
2026-06-10 23:21:00,538 WARNING app.processing.normalize_worker: raw_document 1886 (external_id=doc-001992): published_at: could not parse date: 'invalid-date'; citation_count: could not parse integer: 'many'
2026-06-10 23:21:00,539 WARNING app.processing.normalize_worker: raw_document 1889 (external_id=doc-001995): tags: unexpected type for tags: int: 123
2026-06-10 23:21:00,539 WARNING app.processing.normalize_worker: raw_document 1890 (external_id=doc-001996): updated_at: could not parse date: '2023-13-45'
2026-06-10 23:21:00,539 WARNING app.processing.normalize_worker: raw_document 1896 (external_id=doc-002002): published_at: could not parse date: '2023-13-45'; status: unrecognized status: ''
2026-06-10 23:21:00,539 WARNING app.processing.normalize_worker: raw_document 1898 (external_id=doc-002004): relevance_score: could not parse float: 'high'
2026-06-10 23:21:00,540 WARNING app.processing.normalize_worker: raw_document 1905 (external_id=doc-002012): citation_count: could not parse integer: 'many'
2026-06-10 23:21:00,540 WARNING app.processing.normalize_worker: raw_document 1910 (external_id=doc-002017): updated_at: could not parse date: 'invalid-date'
2026-06-10 23:21:00,541 WARNING app.processing.normalize_worker: raw_document 1917 (external_id=doc-002025): relevance_score: could not parse float: 'high'
2026-06-10 23:21:00,542 WARNING app.processing.normalize_worker: raw_document 1925 (external_id=doc-002034): tags: tags list contained non-string elements, which were dropped
2026-06-10 23:21:00,542 WARNING app.processing.normalize_worker: raw_document 1927 (external_id=doc-002036): updated_at: could not parse date: 'invalid-date'
2026-06-10 23:21:00,542 WARNING app.processing.normalize_worker: raw_document 1930 (external_id=doc-002039): status: unrecognized status: ''
2026-06-10 23:21:00,542 WARNING app.processing.normalize_worker: raw_document 1933 (external_id=doc-002042): status: unrecognized status: ''
2026-06-10 23:21:00,542 WARNING app.processing.normalize_worker: raw_document 1934 (external_id=doc-002043): tags: unexpected type for tags: int: 123
2026-06-10 23:21:00,566 WARNING app.processing.normalize_worker: raw_document 1944 (external_id=doc-002053): status: unrecognized status: ''
2026-06-10 23:21:00,566 WARNING app.processing.normalize_worker: raw_document 1945 (external_id=None): word_count: could not parse integer: 'lots'
2026-06-10 23:21:00,566 WARNING app.processing.normalize_worker: raw_document 1946 (external_id=None): tags: tags list contained non-string elements, which were dropped
2026-06-10 23:21:00,567 WARNING app.processing.normalize_worker: raw_document 1963 (external_id=doc-002074): word_count: could not parse integer: 'lots'
2026-06-10 23:21:00,568 WARNING app.processing.normalize_worker: raw_document 1968 (external_id=doc-002080): published_at: could not parse date: 'invalid-date'
2026-06-10 23:21:00,568 WARNING app.processing.normalize_worker: raw_document 1971 (external_id=doc-002083): published_at: could not parse date: '2023-13-45'
2026-06-10 23:21:00,568 WARNING app.processing.normalize_worker: raw_document 1974 (external_id=doc-002086): status: unrecognized status: ''
2026-06-10 23:21:00,569 WARNING app.processing.normalize_worker: raw_document 1978 (external_id=doc-002091): published_at: could not parse date: 'invalid-date'
2026-06-10 23:21:00,569 WARNING app.processing.normalize_worker: raw_document 1979 (external_id=doc-002092): published_at: could not parse date: 'invalid-date'
2026-06-10 23:21:00,569 WARNING app.processing.normalize_worker: raw_document 1981 (external_id=doc-002094): updated_at: could not parse date: '2023-13-45'
2026-06-10 23:21:00,569 WARNING app.processing.normalize_worker: raw_document 1982 (external_id=doc-002096): status: unrecognized status: ''
2026-06-10 23:21:00,569 WARNING app.processing.normalize_worker: raw_document 1983 (external_id=doc-002097): status: unrecognized status: ''
2026-06-10 23:21:00,569 WARNING app.processing.normalize_worker: raw_document 1984 (external_id=doc-002098): citation_count: could not parse integer: 'many'
2026-06-10 23:21:00,570 WARNING app.processing.normalize_worker: raw_document 1986 (external_id=doc-002101): published_at: could not parse date: 'invalid-date'
2026-06-10 23:21:00,570 WARNING app.processing.normalize_worker: raw_document 1997 (external_id=doc-002113): status: unrecognized status: ''
2026-06-10 23:21:00,571 WARNING app.processing.normalize_worker: raw_document 1999 (external_id=doc-002116): tags: tags list contained non-string elements, which were dropped
2026-06-10 23:21:00,571 WARNING app.processing.normalize_worker: raw_document 2000 (external_id=doc-002117): status: unrecognized status: ''
2026-06-10 23:21:00,591 INFO app.processing.normalize_worker: stage 1: normalized 500 raw documents (remaining=1766)
2026-06-10 23:21:00,591 INFO app.services.ingestion_service: app.processing.normalize_worker: processed=500 remaining=1766
2026-06-10 23:21:00,613 WARNING app.processing.normalize_worker: raw_document 2010 (external_id=doc-002129): published_at: could not parse date: 'invalid-date'; status: unrecognized status: ''; relevance_score: could not parse float: 'high'
2026-06-10 23:21:00,613 WARNING app.processing.normalize_worker: raw_document 2012 (external_id=doc-002131): published_at: could not parse date: 'invalid-date'; status: unrecognized status: ''; relevance_score: could not parse float: 'high'
2026-06-10 23:21:00,614 WARNING app.processing.normalize_worker: raw_document 2015 (external_id=None): word_count: could not parse integer: 'lots'
2026-06-10 23:21:00,614 WARNING app.processing.normalize_worker: raw_document 2016 (external_id=None): updated_at: could not parse date: 'invalid-date'
2026-06-10 23:21:00,614 WARNING app.processing.normalize_worker: raw_document 2019 (external_id=doc-002138): status: unrecognized status: ''
2026-06-10 23:21:00,614 WARNING app.processing.normalize_worker: raw_document 2022 (external_id=doc-002141): published_at: could not parse date: 'invalid-date'
2026-06-10 23:21:00,615 WARNING app.processing.normalize_worker: raw_document 2026 (external_id=None): tags: tags list contained non-string elements, which were dropped
2026-06-10 23:21:00,615 WARNING app.processing.normalize_worker: raw_document 2033 (external_id=doc-002153): word_count: could not parse integer: 'lots'
2026-06-10 23:21:00,616 WARNING app.processing.normalize_worker: raw_document 2037 (external_id=None): status: unrecognized status: ''
2026-06-10 23:21:00,616 WARNING app.processing.normalize_worker: raw_document 2038 (external_id=doc-002158): updated_at: could not parse date: '2023-13-45'
2026-06-10 23:21:00,616 WARNING app.processing.normalize_worker: raw_document 2042 (external_id=None): word_count: could not parse integer: 'lots'
2026-06-10 23:21:00,616 WARNING app.processing.normalize_worker: raw_document 2043 (external_id=doc-002163): published_at: could not parse date: '2023-13-45'
2026-06-10 23:21:00,618 WARNING app.processing.normalize_worker: raw_document 2058 (external_id=doc-002179): updated_at: could not parse date: 'invalid-date'
2026-06-10 23:21:00,618 WARNING app.processing.normalize_worker: raw_document 2066 (external_id=None): word_count: could not parse integer: 'lots'
2026-06-10 23:21:00,619 WARNING app.processing.normalize_worker: raw_document 2072 (external_id=doc-002195): relevance_score: could not parse float: 'high'
2026-06-10 23:21:00,620 WARNING app.processing.normalize_worker: raw_document 2082 (external_id=doc-002206): published_at: could not parse date: '2023-13-45'
2026-06-10 23:21:00,620 WARNING app.processing.normalize_worker: raw_document 2083 (external_id=doc-002207): published_at: could not parse date: 'invalid-date'; citation_count: could not parse integer: 'many'; tags: tags list contained non-string elements, which were dropped
2026-06-10 23:21:00,620 WARNING app.processing.normalize_worker: raw_document 2088 (external_id=doc-002212): citation_count: could not parse integer: 'many'
2026-06-10 23:21:00,620 WARNING app.processing.normalize_worker: raw_document 2091 (external_id=doc-002217): word_count: could not parse integer: 'lots'
2026-06-10 23:21:00,621 WARNING app.processing.normalize_worker: raw_document 2100 (external_id=doc-002227): published_at: could not parse date: 'invalid-date'
2026-06-10 23:21:00,622 WARNING app.processing.normalize_worker: raw_document 2108 (external_id=doc-002235): status: unrecognized status: ''; word_count: could not parse integer: 'lots'; tags: unexpected type for tags: int: 123
2026-06-10 23:21:00,622 WARNING app.processing.normalize_worker: raw_document 2109 (external_id=doc-002236): tags: tags list contained non-string elements, which were dropped
2026-06-10 23:21:00,622 WARNING app.processing.normalize_worker: raw_document 2110 (external_id=doc-002237): citation_count: could not parse integer: 'many'
2026-06-10 23:21:00,622 WARNING app.processing.normalize_worker: raw_document 2111 (external_id=doc-002238): tags: unexpected type for tags: int: 123
2026-06-10 23:21:00,623 WARNING app.processing.normalize_worker: raw_document 2116 (external_id=doc-002243): relevance_score: could not parse float: 'high'
2026-06-10 23:21:00,623 WARNING app.processing.normalize_worker: raw_document 2118 (external_id=doc-002245): published_at: could not parse date: 'invalid-date'; word_count: could not parse integer: 'lots'
2026-06-10 23:21:00,623 WARNING app.processing.normalize_worker: raw_document 2127 (external_id=doc-002255): tags: tags list contained non-string elements, which were dropped
2026-06-10 23:21:00,624 WARNING app.processing.normalize_worker: raw_document 2130 (external_id=doc-002258): updated_at: could not parse date: '2023-13-45'
2026-06-10 23:21:00,624 WARNING app.processing.normalize_worker: raw_document 2131 (external_id=doc-002259): word_count: could not parse integer: 'lots'
2026-06-10 23:21:00,624 WARNING app.processing.normalize_worker: raw_document 2133 (external_id=doc-002262): status: unrecognized status: ''
2026-06-10 23:21:00,624 WARNING app.processing.normalize_worker: raw_document 2134 (external_id=doc-002264): published_at: could not parse date: '2023-13-45'; updated_at: could not parse date: '2023-13-45'
2026-06-10 23:21:00,624 WARNING app.processing.normalize_worker: raw_document 2137 (external_id=doc-002267): published_at: could not parse date: '2023-13-45'
2026-06-10 23:21:00,625 WARNING app.processing.normalize_worker: raw_document 2139 (external_id=doc-002269): word_count: could not parse integer: 'lots'
2026-06-10 23:21:00,625 WARNING app.processing.normalize_worker: raw_document 2140 (external_id=doc-002270): updated_at: could not parse date: '2023-13-45'; status: unrecognized status: ''
2026-06-10 23:21:00,625 WARNING app.processing.normalize_worker: raw_document 2141 (external_id=None): citation_count: could not parse integer: 'many'
2026-06-10 23:21:00,625 WARNING app.processing.normalize_worker: raw_document 2144 (external_id=doc-002274): tags: unexpected type for tags: int: 123
2026-06-10 23:21:00,625 WARNING app.processing.normalize_worker: raw_document 2146 (external_id=doc-002277): published_at: could not parse date: '2023-13-45'
2026-06-10 23:21:00,626 WARNING app.processing.normalize_worker: raw_document 2148 (external_id=doc-002279): status: unrecognized status: ''
2026-06-10 23:21:00,626 WARNING app.processing.normalize_worker: raw_document 2149 (external_id=doc-002280): updated_at: could not parse date: 'invalid-date'
2026-06-10 23:21:00,626 WARNING app.processing.normalize_worker: raw_document 2153 (external_id=doc-002284): published_at: could not parse date: 'invalid-date'; updated_at: could not parse date: '2023-13-45'
2026-06-10 23:21:00,627 WARNING app.processing.normalize_worker: raw_document 2161 (external_id=doc-002292): status: unrecognized status: ''
2026-06-10 23:21:00,627 WARNING app.processing.normalize_worker: raw_document 2162 (external_id=doc-002293): tags: unexpected type for tags: int: 123
2026-06-10 23:21:00,627 WARNING app.processing.normalize_worker: raw_document 2163 (external_id=doc-002294): citation_count: could not parse integer: 'many'
2026-06-10 23:21:00,627 WARNING app.processing.normalize_worker: raw_document 2168 (external_id=doc-002299): status: unrecognized status: ''
2026-06-10 23:21:00,627 WARNING app.processing.normalize_worker: raw_document 2170 (external_id=doc-002301): citation_count: could not parse integer: 'many'
2026-06-10 23:21:00,628 WARNING app.processing.normalize_worker: raw_document 2172 (external_id=doc-002303): updated_at: could not parse date: '2023-13-45'
2026-06-10 23:21:00,628 WARNING app.processing.normalize_worker: raw_document 2176 (external_id=doc-002307): status: unrecognized status: ''
2026-06-10 23:21:00,628 WARNING app.processing.normalize_worker: raw_document 2178 (external_id=doc-002309): updated_at: could not parse date: 'invalid-date'
2026-06-10 23:21:00,628 WARNING app.processing.normalize_worker: raw_document 2179 (external_id=doc-002310): status: unrecognized status: ''
2026-06-10 23:21:00,629 WARNING app.processing.normalize_worker: raw_document 2183 (external_id=doc-002314): published_at: could not parse date: 'invalid-date'
2026-06-10 23:21:00,629 WARNING app.processing.normalize_worker: raw_document 2190 (external_id=doc-002321): status: unrecognized status: ''
2026-06-10 23:21:00,629 WARNING app.processing.normalize_worker: raw_document 2191 (external_id=doc-002322): citation_count: could not parse integer: 'many'
2026-06-10 23:21:00,630 WARNING app.processing.normalize_worker: raw_document 2194 (external_id=doc-002325): updated_at: could not parse date: 'invalid-date'
2026-06-10 23:21:00,630 WARNING app.processing.normalize_worker: raw_document 2195 (external_id=doc-002326): status: unrecognized status: ''
2026-06-10 23:21:00,630 WARNING app.processing.normalize_worker: raw_document 2198 (external_id=doc-002329): citation_count: could not parse integer: 'many'
2026-06-10 23:21:00,630 WARNING app.processing.normalize_worker: raw_document 2203 (external_id=doc-002334): status: unrecognized status: ''
2026-06-10 23:21:00,631 WARNING app.processing.normalize_worker: raw_document 2204 (external_id=None): updated_at: could not parse date: '2023-13-45'
2026-06-10 23:21:00,631 WARNING app.processing.normalize_worker: raw_document 2206 (external_id=doc-002337): word_count: could not parse integer: 'lots'
2026-06-10 23:21:00,631 WARNING app.processing.normalize_worker: raw_document 2215 (external_id=doc-002346): published_at: could not parse date: 'invalid-date'; updated_at: could not parse date: 'invalid-date'
2026-06-10 23:21:00,632 WARNING app.processing.normalize_worker: raw_document 2216 (external_id=doc-002347): published_at: could not parse date: 'invalid-date'; citation_count: could not parse integer: 'many'
2026-06-10 23:21:00,632 WARNING app.processing.normalize_worker: raw_document 2218 (external_id=doc-002349): word_count: could not parse integer: 'lots'
2026-06-10 23:21:00,632 WARNING app.processing.normalize_worker: raw_document 2219 (external_id=doc-002350): status: unrecognized status: ''
2026-06-10 23:21:00,632 WARNING app.processing.normalize_worker: raw_document 2220 (external_id=doc-002351): updated_at: could not parse date: 'invalid-date'
2026-06-10 23:21:00,632 WARNING app.processing.normalize_worker: raw_document 2221 (external_id=doc-002352): published_at: could not parse date: '2023-13-45'
2026-06-10 23:21:00,632 WARNING app.processing.normalize_worker: raw_document 2225 (external_id=doc-002357): word_count: could not parse integer: 'lots'
2026-06-10 23:21:00,633 WARNING app.processing.normalize_worker: raw_document 2227 (external_id=doc-002359): status: unrecognized status: ''
2026-06-10 23:21:00,633 WARNING app.processing.normalize_worker: raw_document 2228 (external_id=doc-002360): published_at: could not parse date: '2023-13-45'
2026-06-10 23:21:00,633 WARNING app.processing.normalize_worker: raw_document 2232 (external_id=doc-002364): updated_at: could not parse date: '2023-13-45'
2026-06-10 23:21:00,634 WARNING app.processing.normalize_worker: raw_document 2238 (external_id=doc-002370): status: unrecognized status: ''; relevance_score: could not parse float: 'high'
2026-06-10 23:21:00,634 WARNING app.processing.normalize_worker: raw_document 2239 (external_id=doc-002371): status: unrecognized status: ''
2026-06-10 23:21:00,634 WARNING app.processing.normalize_worker: raw_document 2240 (external_id=doc-002372): published_at: could not parse date: 'invalid-date'
2026-06-10 23:21:00,635 WARNING app.processing.normalize_worker: raw_document 2246 (external_id=doc-002379): updated_at: could not parse date: 'invalid-date'; status: unrecognized status: ''
2026-06-10 23:21:00,635 WARNING app.processing.normalize_worker: raw_document 2248 (external_id=doc-002381): status: unrecognized status: ''
2026-06-10 23:21:00,636 WARNING app.processing.normalize_worker: raw_document 2253 (external_id=doc-002386): status: unrecognized status: ''
2026-06-10 23:21:00,636 WARNING app.processing.normalize_worker: raw_document 2256 (external_id=doc-002389): word_count: could not parse integer: 'lots'
2026-06-10 23:21:00,636 WARNING app.processing.normalize_worker: raw_document 2258 (external_id=doc-002391): updated_at: could not parse date: 'invalid-date'
2026-06-10 23:21:00,636 WARNING app.processing.normalize_worker: raw_document 2260 (external_id=doc-002393): relevance_score: could not parse float: 'high'
2026-06-10 23:21:00,636 WARNING app.processing.normalize_worker: raw_document 2261 (external_id=doc-002394): published_at: could not parse date: 'invalid-date'
2026-06-10 23:21:00,636 WARNING app.processing.normalize_worker: raw_document 2262 (external_id=doc-002396): updated_at: could not parse date: 'invalid-date'; citation_count: could not parse integer: 'many'
2026-06-10 23:21:00,637 WARNING app.processing.normalize_worker: raw_document 2265 (external_id=doc-002399): published_at: could not parse date: '2023-13-45'; status: unrecognized status: ''
2026-06-10 23:21:00,637 WARNING app.processing.normalize_worker: raw_document 2267 (external_id=None): published_at: could not parse date: '2023-13-45'
2026-06-10 23:21:00,637 WARNING app.processing.normalize_worker: raw_document 2269 (external_id=doc-002403): status: unrecognized status: ''
2026-06-10 23:21:00,637 WARNING app.processing.normalize_worker: raw_document 2272 (external_id=doc-002406): updated_at: could not parse date: 'invalid-date'; citation_count: could not parse integer: 'many'
2026-06-10 23:21:00,638 WARNING app.processing.normalize_worker: raw_document 2284 (external_id=doc-002419): published_at: could not parse date: '2023-13-45'; tags: unexpected type for tags: int: 123
2026-06-10 23:21:00,639 WARNING app.processing.normalize_worker: raw_document 2286 (external_id=doc-002421): status: unrecognized status: ''
2026-06-10 23:21:00,639 WARNING app.processing.normalize_worker: raw_document 2288 (external_id=None): status: unrecognized status: ''
2026-06-10 23:21:00,639 WARNING app.processing.normalize_worker: raw_document 2289 (external_id=doc-002425): status: unrecognized status: ''
2026-06-10 23:21:00,639 WARNING app.processing.normalize_worker: raw_document 2293 (external_id=doc-002429): status: unrecognized status: ''
2026-06-10 23:21:00,640 WARNING app.processing.normalize_worker: raw_document 2301 (external_id=doc-002437): published_at: could not parse date: 'invalid-date'; status: unrecognized status: ''
2026-06-10 23:21:00,640 WARNING app.processing.normalize_worker: raw_document 2302 (external_id=doc-002438): published_at: could not parse date: 'invalid-date'; tags: tags list contained non-string elements, which were dropped
2026-06-10 23:21:00,640 WARNING app.processing.normalize_worker: raw_document 2305 (external_id=doc-002441): relevance_score: could not parse float: 'high'
2026-06-10 23:21:00,641 WARNING app.processing.normalize_worker: raw_document 2308 (external_id=doc-002444): tags: unexpected type for tags: int: 123
2026-06-10 23:21:00,641 WARNING app.processing.normalize_worker: raw_document 2309 (external_id=doc-002445): status: unrecognized status: ''
2026-06-10 23:21:00,641 WARNING app.processing.normalize_worker: raw_document 2311 (external_id=doc-002447): published_at: could not parse date: 'invalid-date'; word_count: could not parse integer: 'lots'; relevance_score: could not parse float: 'high'
2026-06-10 23:21:00,641 WARNING app.processing.normalize_worker: raw_document 2316 (external_id=doc-002452): updated_at: could not parse date: 'invalid-date'
2026-06-10 23:21:00,641 WARNING app.processing.normalize_worker: raw_document 2317 (external_id=doc-002453): updated_at: could not parse date: 'invalid-date'; word_count: could not parse integer: 'lots'
2026-06-10 23:21:00,642 WARNING app.processing.normalize_worker: raw_document 2318 (external_id=doc-002454): word_count: could not parse integer: 'lots'
2026-06-10 23:21:00,642 WARNING app.processing.normalize_worker: raw_document 2323 (external_id=doc-002459): published_at: could not parse date: 'invalid-date'
2026-06-10 23:21:00,643 WARNING app.processing.normalize_worker: raw_document 2333 (external_id=doc-002470): status: unrecognized status: ''
2026-06-10 23:21:00,643 WARNING app.processing.normalize_worker: raw_document 2334 (external_id=doc-002471): updated_at: could not parse date: 'invalid-date'
2026-06-10 23:21:00,643 WARNING app.processing.normalize_worker: raw_document 2335 (external_id=doc-002472): word_count: could not parse integer: 'lots'
2026-06-10 23:21:00,644 WARNING app.processing.normalize_worker: raw_document 2344 (external_id=doc-002483): published_at: could not parse date: 'invalid-date'
2026-06-10 23:21:00,644 WARNING app.processing.normalize_worker: raw_document 2345 (external_id=doc-002485): published_at: could not parse date: '2023-13-45'; updated_at: could not parse date: '2023-13-45'
2026-06-10 23:21:00,644 WARNING app.processing.normalize_worker: raw_document 2346 (external_id=doc-002486): updated_at: could not parse date: 'invalid-date'
2026-06-10 23:21:00,645 WARNING app.processing.normalize_worker: raw_document 2353 (external_id=doc-002493): tags: tags list contained non-string elements, which were dropped
2026-06-10 23:21:00,645 WARNING app.processing.normalize_worker: raw_document 2354 (external_id=doc-002494): updated_at: could not parse date: '2023-13-45'
2026-06-10 23:21:00,645 WARNING app.processing.normalize_worker: raw_document 2355 (external_id=doc-002495): published_at: could not parse date: '2023-13-45'
2026-06-10 23:21:00,645 WARNING app.processing.normalize_worker: raw_document 2356 (external_id=doc-002496): status: unrecognized status: ''
2026-06-10 23:21:00,645 WARNING app.processing.normalize_worker: raw_document 2358 (external_id=doc-002500): word_count: could not parse integer: 'lots'
2026-06-10 23:21:00,645 WARNING app.processing.normalize_worker: raw_document 2361 (external_id=doc-002503): word_count: could not parse integer: 'lots'
2026-06-10 23:21:00,645 WARNING app.processing.normalize_worker: raw_document 2362 (external_id=doc-002504): citation_count: could not parse integer: 'many'
2026-06-10 23:21:00,646 WARNING app.processing.normalize_worker: raw_document 2367 (external_id=doc-002510): tags: unexpected type for tags: int: 123
2026-06-10 23:21:00,646 WARNING app.processing.normalize_worker: raw_document 2371 (external_id=doc-002514): updated_at: could not parse date: '2023-13-45'
2026-06-10 23:21:00,647 WARNING app.processing.normalize_worker: raw_document 2374 (external_id=None): updated_at: could not parse date: '2023-13-45'; tags: unexpected type for tags: int: 123
2026-06-10 23:21:00,647 WARNING app.processing.normalize_worker: raw_document 2377 (external_id=doc-002520): tags: tags list contained non-string elements, which were dropped
2026-06-10 23:21:00,647 WARNING app.processing.normalize_worker: raw_document 2379 (external_id=doc-002522): published_at: could not parse date: '2023-13-45'
2026-06-10 23:21:00,647 WARNING app.processing.normalize_worker: raw_document 2380 (external_id=None): published_at: could not parse date: '2023-13-45'; citation_count: could not parse integer: 'many'
2026-06-10 23:21:00,647 WARNING app.processing.normalize_worker: raw_document 2384 (external_id=doc-002528): word_count: could not parse integer: 'lots'; tags: tags list contained non-string elements, which were dropped
2026-06-10 23:21:00,648 WARNING app.processing.normalize_worker: raw_document 2393 (external_id=None): published_at: could not parse date: 'invalid-date'
2026-06-10 23:21:00,648 WARNING app.processing.normalize_worker: raw_document 2394 (external_id=doc-002538): updated_at: could not parse date: '2023-13-45'
2026-06-10 23:21:00,648 WARNING app.processing.normalize_worker: raw_document 2396 (external_id=None): updated_at: could not parse date: 'invalid-date'
2026-06-10 23:21:00,649 WARNING app.processing.normalize_worker: raw_document 2401 (external_id=doc-002545): updated_at: could not parse date: 'invalid-date'; word_count: could not parse integer: 'lots'
2026-06-10 23:21:00,649 WARNING app.processing.normalize_worker: raw_document 2404 (external_id=doc-002548): status: unrecognized status: ''
2026-06-10 23:21:00,650 WARNING app.processing.normalize_worker: raw_document 2413 (external_id=doc-002558): tags: unexpected type for tags: int: 123
2026-06-10 23:21:00,650 WARNING app.processing.normalize_worker: raw_document 2416 (external_id=doc-002561): updated_at: could not parse date: '2023-13-45'; status: unrecognized status: ''
2026-06-10 23:21:00,650 WARNING app.processing.normalize_worker: raw_document 2417 (external_id=2562): word_count: could not parse integer: 'lots'
2026-06-10 23:21:00,651 WARNING app.processing.normalize_worker: raw_document 2421 (external_id=doc-002567): published_at: could not parse date: 'invalid-date'
2026-06-10 23:21:00,651 WARNING app.processing.normalize_worker: raw_document 2426 (external_id=doc-002573): tags: unexpected type for tags: int: 123
2026-06-10 23:21:00,651 WARNING app.processing.normalize_worker: raw_document 2429 (external_id=doc-002576): published_at: could not parse date: 'invalid-date'; word_count: could not parse integer: 'lots'
2026-06-10 23:21:00,651 WARNING app.processing.normalize_worker: raw_document 2430 (external_id=doc-002577): status: unrecognized status: ''
2026-06-10 23:21:00,652 WARNING app.processing.normalize_worker: raw_document 2436 (external_id=doc-002584): tags: unexpected type for tags: int: 123
2026-06-10 23:21:00,652 WARNING app.processing.normalize_worker: raw_document 2437 (external_id=None): published_at: could not parse date: 'invalid-date'; citation_count: could not parse integer: 'many'
2026-06-10 23:21:00,652 WARNING app.processing.normalize_worker: raw_document 2438 (external_id=doc-002586): word_count: could not parse integer: 'lots'
2026-06-10 23:21:00,652 WARNING app.processing.normalize_worker: raw_document 2442 (external_id=doc-002590): citation_count: could not parse integer: 'many'; tags: unexpected type for tags: int: 123
2026-06-10 23:21:00,653 WARNING app.processing.normalize_worker: raw_document 2450 (external_id=doc-002598): citation_count: could not parse integer: 'many'
2026-06-10 23:21:00,653 WARNING app.processing.normalize_worker: raw_document 2453 (external_id=doc-002601): published_at: could not parse date: 'invalid-date'
2026-06-10 23:21:00,654 WARNING app.processing.normalize_worker: raw_document 2454 (external_id=doc-002602): relevance_score: could not parse float: 'high'
2026-06-10 23:21:00,654 WARNING app.processing.normalize_worker: raw_document 2456 (external_id=doc-002604): updated_at: could not parse date: 'invalid-date'
2026-06-10 23:21:00,654 WARNING app.processing.normalize_worker: raw_document 2458 (external_id=doc-002606): published_at: could not parse date: 'invalid-date'
2026-06-10 23:21:00,654 WARNING app.processing.normalize_worker: raw_document 2461 (external_id=doc-002610): updated_at: could not parse date: 'invalid-date'
2026-06-10 23:21:00,654 WARNING app.processing.normalize_worker: raw_document 2462 (external_id=doc-002611): published_at: could not parse date: 'invalid-date'; word_count: could not parse integer: 'lots'
2026-06-10 23:21:00,655 WARNING app.processing.normalize_worker: raw_document 2465 (external_id=doc-002615): published_at: could not parse date: 'invalid-date'; tags: unexpected type for tags: int: 123
2026-06-10 23:21:00,655 WARNING app.processing.normalize_worker: raw_document 2474 (external_id=doc-002624): word_count: could not parse integer: 'lots'
2026-06-10 23:21:00,655 WARNING app.processing.normalize_worker: raw_document 2475 (external_id=None): published_at: could not parse date: 'invalid-date'
2026-06-10 23:21:00,656 WARNING app.processing.normalize_worker: raw_document 2477 (external_id=doc-002627): updated_at: could not parse date: '2023-13-45'
2026-06-10 23:21:00,656 WARNING app.processing.normalize_worker: raw_document 2480 (external_id=doc-002630): updated_at: could not parse date: 'invalid-date'
2026-06-10 23:21:00,656 WARNING app.processing.normalize_worker: raw_document 2484 (external_id=None): tags: unexpected type for tags: int: 123
2026-06-10 23:21:00,657 WARNING app.processing.normalize_worker: raw_document 2490 (external_id=doc-002641): status: unrecognized status: ''
2026-06-10 23:21:00,657 WARNING app.processing.normalize_worker: raw_document 2491 (external_id=doc-002642): status: unrecognized status: ''; word_count: could not parse integer: 'lots'
2026-06-10 23:21:00,658 WARNING app.processing.normalize_worker: raw_document 2500 (external_id=doc-002651): status: unrecognized status: ''
2026-06-10 23:21:00,711 INFO app.processing.normalize_worker: stage 1: normalized 500 raw documents (remaining=1266)
2026-06-10 23:21:00,711 INFO app.services.ingestion_service: app.processing.normalize_worker: processed=500 remaining=1266
2026-06-10 23:21:00,716 WARNING app.processing.normalize_worker: raw_document 2510 (external_id=doc-002662): published_at: could not parse date: '2023-13-45'
2026-06-10 23:21:00,716 WARNING app.processing.normalize_worker: raw_document 2511 (external_id=doc-002663): citation_count: could not parse integer: 'many'
2026-06-10 23:21:00,716 WARNING app.processing.normalize_worker: raw_document 2512 (external_id=doc-002664): status: unrecognized status: ''
2026-06-10 23:21:00,716 WARNING app.processing.normalize_worker: raw_document 2513 (external_id=doc-002665): published_at: could not parse date: 'invalid-date'
2026-06-10 23:21:00,716 WARNING app.processing.normalize_worker: raw_document 2514 (external_id=doc-002666): published_at: could not parse date: 'invalid-date'
2026-06-10 23:21:00,716 WARNING app.processing.normalize_worker: raw_document 2515 (external_id=doc-002668): citation_count: could not parse integer: 'many'
2026-06-10 23:21:00,717 WARNING app.processing.normalize_worker: raw_document 2516 (external_id=None): updated_at: could not parse date: 'invalid-date'
2026-06-10 23:21:00,717 WARNING app.processing.normalize_worker: raw_document 2519 (external_id=doc-002674): published_at: could not parse date: 'invalid-date'
2026-06-10 23:21:00,717 WARNING app.processing.normalize_worker: raw_document 2520 (external_id=doc-002675): status: unrecognized status: ''; tags: unexpected type for tags: int: 123
2026-06-10 23:21:00,718 WARNING app.processing.normalize_worker: raw_document 2521 (external_id=None): published_at: could not parse date: 'invalid-date'
2026-06-10 23:21:00,718 WARNING app.processing.normalize_worker: raw_document 2524 (external_id=doc-002679): published_at: could not parse date: '2023-13-45'
2026-06-10 23:21:00,718 WARNING app.processing.normalize_worker: raw_document 2525 (external_id=doc-002680): published_at: could not parse date: 'invalid-date'
2026-06-10 23:21:00,718 WARNING app.processing.normalize_worker: raw_document 2526 (external_id=doc-002681): word_count: could not parse integer: 'lots'
2026-06-10 23:21:00,718 WARNING app.processing.normalize_worker: raw_document 2527 (external_id=doc-002682): citation_count: could not parse integer: 'many'
2026-06-10 23:21:00,719 WARNING app.processing.normalize_worker: raw_document 2535 (external_id=doc-002690): status: unrecognized status: ''; tags: tags list contained non-string elements, which were dropped
2026-06-10 23:21:00,719 WARNING app.processing.normalize_worker: raw_document 2538 (external_id=doc-002693): status: unrecognized status: ''
2026-06-10 23:21:00,719 WARNING app.processing.normalize_worker: raw_document 2539 (external_id=doc-002694): updated_at: could not parse date: '2023-13-45'; tags: tags list contained non-string elements, which were dropped
2026-06-10 23:21:00,720 WARNING app.processing.normalize_worker: raw_document 2546 (external_id=doc-002702): status: unrecognized status: ''
2026-06-10 23:21:00,720 WARNING app.processing.normalize_worker: raw_document 2549 (external_id=doc-002705): published_at: could not parse date: '2023-13-45'
2026-06-10 23:21:00,720 WARNING app.processing.normalize_worker: raw_document 2551 (external_id=doc-002707): word_count: could not parse integer: 'lots'
2026-06-10 23:21:00,720 WARNING app.processing.normalize_worker: raw_document 2552 (external_id=doc-002708): published_at: could not parse date: '2023-13-45'
2026-06-10 23:21:00,721 WARNING app.processing.normalize_worker: raw_document 2556 (external_id=None): tags: tags list contained non-string elements, which were dropped
2026-06-10 23:21:00,721 WARNING app.processing.normalize_worker: raw_document 2557 (external_id=doc-002713): published_at: could not parse date: 'invalid-date'
2026-06-10 23:21:00,722 WARNING app.processing.normalize_worker: raw_document 2565 (external_id=doc-002721): tags: tags list contained non-string elements, which were dropped
2026-06-10 23:21:00,722 WARNING app.processing.normalize_worker: raw_document 2573 (external_id=doc-002730): published_at: could not parse date: 'invalid-date'
2026-06-10 23:21:00,722 WARNING app.processing.normalize_worker: raw_document 2574 (external_id=doc-002731): published_at: could not parse date: 'invalid-date'
2026-06-10 23:21:00,723 WARNING app.processing.normalize_worker: raw_document 2575 (external_id=doc-002732): published_at: could not parse date: '2023-13-45'; status: unrecognized status: ''
2026-06-10 23:21:00,723 WARNING app.processing.normalize_worker: raw_document 2578 (external_id=doc-002735): citation_count: could not parse integer: 'many'
2026-06-10 23:21:00,723 WARNING app.processing.normalize_worker: raw_document 2584 (external_id=doc-002741): published_at: could not parse date: 'invalid-date'
2026-06-10 23:21:00,724 WARNING app.processing.normalize_worker: raw_document 2587 (external_id=doc-002744): status: unrecognized status: ''
2026-06-10 23:21:00,724 WARNING app.processing.normalize_worker: raw_document 2588 (external_id=None): published_at: could not parse date: '2023-13-45'
2026-06-10 23:21:00,724 WARNING app.processing.normalize_worker: raw_document 2592 (external_id=2749): relevance_score: could not parse float: 'high'
2026-06-10 23:21:00,725 WARNING app.processing.normalize_worker: raw_document 2599 (external_id=doc-002756): updated_at: could not parse date: 'invalid-date'
2026-06-10 23:21:00,725 WARNING app.processing.normalize_worker: raw_document 2600 (external_id=doc-002757): status: unrecognized status: ''
2026-06-10 23:21:00,725 WARNING app.processing.normalize_worker: raw_document 2601 (external_id=doc-002758): updated_at: could not parse date: 'invalid-date'
2026-06-10 23:21:00,725 WARNING app.processing.normalize_worker: raw_document 2603 (external_id=doc-002760): status: unrecognized status: ''
2026-06-10 23:21:00,726 WARNING app.processing.normalize_worker: raw_document 2610 (external_id=doc-002767): status: unrecognized status: ''
2026-06-10 23:21:00,726 WARNING app.processing.normalize_worker: raw_document 2614 (external_id=doc-002771): updated_at: could not parse date: 'invalid-date'; status: unrecognized status: ''
2026-06-10 23:21:00,726 WARNING app.processing.normalize_worker: raw_document 2615 (external_id=doc-002772): tags: unexpected type for tags: int: 123
2026-06-10 23:21:00,726 WARNING app.processing.normalize_worker: raw_document 2616 (external_id=doc-002773): status: unrecognized status: ''
2026-06-10 23:21:00,726 WARNING app.processing.normalize_worker: raw_document 2618 (external_id=doc-002775): published_at: could not parse date: 'invalid-date'; status: unrecognized status: ''
2026-06-10 23:21:00,726 WARNING app.processing.normalize_worker: raw_document 2619 (external_id=doc-002776): status: unrecognized status: ''
2026-06-10 23:21:00,727 WARNING app.processing.normalize_worker: raw_document 2620 (external_id=doc-002777): tags: unexpected type for tags: int: 123
2026-06-10 23:21:00,727 WARNING app.processing.normalize_worker: raw_document 2621 (external_id=doc-002778): relevance_score: could not parse float: 'high'
2026-06-10 23:21:00,727 WARNING app.processing.normalize_worker: raw_document 2622 (external_id=doc-002779): status: unrecognized status: ''
2026-06-10 23:21:00,727 WARNING app.processing.normalize_worker: raw_document 2627 (external_id=doc-002785): tags: tags list contained non-string elements, which were dropped
2026-06-10 23:21:00,728 WARNING app.processing.normalize_worker: raw_document 2634 (external_id=doc-002792): status: unrecognized status: ''
2026-06-10 23:21:00,728 WARNING app.processing.normalize_worker: raw_document 2635 (external_id=doc-002793): status: unrecognized status: ''
2026-06-10 23:21:00,728 WARNING app.processing.normalize_worker: raw_document 2636 (external_id=doc-002794): updated_at: could not parse date: '2023-13-45'; tags: tags list contained non-string elements, which were dropped
2026-06-10 23:21:00,728 WARNING app.processing.normalize_worker: raw_document 2639 (external_id=doc-002797): published_at: could not parse date: 'invalid-date'
2026-06-10 23:21:00,728 WARNING app.processing.normalize_worker: raw_document 2642 (external_id=doc-002801): tags: tags list contained non-string elements, which were dropped
2026-06-10 23:21:00,729 WARNING app.processing.normalize_worker: raw_document 2648 (external_id=doc-002807): tags: unexpected type for tags: int: 123
2026-06-10 23:21:00,729 WARNING app.processing.normalize_worker: raw_document 2649 (external_id=None): word_count: could not parse integer: 'lots'
2026-06-10 23:21:00,730 WARNING app.processing.normalize_worker: raw_document 2660 (external_id=doc-002819): status: unrecognized status: ''; tags: tags list contained non-string elements, which were dropped
2026-06-10 23:21:00,730 WARNING app.processing.normalize_worker: raw_document 2661 (external_id=doc-002820): tags: unexpected type for tags: int: 123
2026-06-10 23:21:00,730 WARNING app.processing.normalize_worker: raw_document 2662 (external_id=doc-002821): updated_at: could not parse date: '2023-13-45'
2026-06-10 23:21:00,731 WARNING app.processing.normalize_worker: raw_document 2669 (external_id=doc-002828): published_at: could not parse date: 'invalid-date'
2026-06-10 23:21:00,731 WARNING app.processing.normalize_worker: raw_document 2674 (external_id=doc-002834): status: unrecognized status: ''
2026-06-10 23:21:00,731 WARNING app.processing.normalize_worker: raw_document 2676 (external_id=doc-002836): word_count: could not parse integer: 'lots'
2026-06-10 23:21:00,732 WARNING app.processing.normalize_worker: raw_document 2677 (external_id=doc-002837): tags: unexpected type for tags: int: 123
2026-06-10 23:21:00,732 WARNING app.processing.normalize_worker: raw_document 2679 (external_id=None): tags: unexpected type for tags: int: 123
2026-06-10 23:21:00,732 WARNING app.processing.normalize_worker: raw_document 2685 (external_id=doc-002846): published_at: could not parse date: 'invalid-date'; updated_at: could not parse date: '2023-13-45'
2026-06-10 23:21:00,732 WARNING app.processing.normalize_worker: raw_document 2686 (external_id=2847): updated_at: could not parse date: 'invalid-date'
2026-06-10 23:21:00,733 WARNING app.processing.normalize_worker: raw_document 2689 (external_id=doc-002850): relevance_score: could not parse float: 'high'
2026-06-10 23:21:00,733 WARNING app.processing.normalize_worker: raw_document 2691 (external_id=doc-002852): citation_count: could not parse integer: 'many'
2026-06-10 23:21:00,733 WARNING app.processing.normalize_worker: raw_document 2693 (external_id=doc-002855): updated_at: could not parse date: '2023-13-45'
2026-06-10 23:21:00,733 WARNING app.processing.normalize_worker: raw_document 2694 (external_id=doc-002856): tags: unexpected type for tags: int: 123
2026-06-10 23:21:00,733 WARNING app.processing.normalize_worker: raw_document 2698 (external_id=doc-002860): status: unrecognized status: ''; tags: unexpected type for tags: int: 123
2026-06-10 23:21:00,734 WARNING app.processing.normalize_worker: raw_document 2703 (external_id=doc-002865): status: unrecognized status: ''
2026-06-10 23:21:00,734 WARNING app.processing.normalize_worker: raw_document 2708 (external_id=doc-002870): citation_count: could not parse integer: 'many'
2026-06-10 23:21:00,735 WARNING app.processing.normalize_worker: raw_document 2711 (external_id=doc-002873): updated_at: could not parse date: 'invalid-date'
2026-06-10 23:21:00,735 WARNING app.processing.normalize_worker: raw_document 2723 (external_id=doc-002885): tags: tags list contained non-string elements, which were dropped
2026-06-10 23:21:00,736 WARNING app.processing.normalize_worker: raw_document 2727 (external_id=doc-002889): citation_count: could not parse integer: 'many'
2026-06-10 23:21:00,736 WARNING app.processing.normalize_worker: raw_document 2729 (external_id=doc-002891): updated_at: could not parse date: 'invalid-date'; status: unrecognized status: ''
2026-06-10 23:21:00,736 WARNING app.processing.normalize_worker: raw_document 2731 (external_id=doc-002893): published_at: could not parse date: 'invalid-date'
2026-06-10 23:21:00,736 WARNING app.processing.normalize_worker: raw_document 2733 (external_id=doc-002895): published_at: could not parse date: 'invalid-date'
2026-06-10 23:21:00,736 WARNING app.processing.normalize_worker: raw_document 2734 (external_id=doc-002896): published_at: could not parse date: 'invalid-date'
2026-06-10 23:21:00,737 WARNING app.processing.normalize_worker: raw_document 2735 (external_id=doc-002897): word_count: could not parse integer: 'lots'
2026-06-10 23:21:00,737 WARNING app.processing.normalize_worker: raw_document 2739 (external_id=doc-002901): updated_at: could not parse date: 'invalid-date'
2026-06-10 23:21:00,737 WARNING app.processing.normalize_worker: raw_document 2741 (external_id=doc-002903): published_at: could not parse date: 'invalid-date'
2026-06-10 23:21:00,737 WARNING app.processing.normalize_worker: raw_document 2744 (external_id=2906): published_at: could not parse date: 'invalid-date'; updated_at: could not parse date: 'invalid-date'
2026-06-10 23:21:00,738 WARNING app.processing.normalize_worker: raw_document 2748 (external_id=doc-002910): updated_at: could not parse date: 'invalid-date'
2026-06-10 23:21:00,738 WARNING app.processing.normalize_worker: raw_document 2749 (external_id=doc-002911): published_at: could not parse date: 'invalid-date'; updated_at: could not parse date: 'invalid-date'; word_count: could not parse integer: 'lots'
2026-06-10 23:21:00,759 WARNING app.processing.normalize_worker: raw_document 2756 (external_id=None): updated_at: could not parse date: '2023-13-45'
2026-06-10 23:21:00,759 WARNING app.processing.normalize_worker: raw_document 2757 (external_id=doc-002921): status: unrecognized status: ''
2026-06-10 23:21:00,760 WARNING app.processing.normalize_worker: raw_document 2758 (external_id=doc-002922): updated_at: could not parse date: '2023-13-45'
2026-06-10 23:21:00,760 WARNING app.processing.normalize_worker: raw_document 2759 (external_id=doc-002923): word_count: could not parse integer: 'lots'; tags: tags list contained non-string elements, which were dropped
2026-06-10 23:21:00,760 WARNING app.processing.normalize_worker: raw_document 2762 (external_id=doc-002926): published_at: could not parse date: '2023-13-45'
2026-06-10 23:21:00,760 WARNING app.processing.normalize_worker: raw_document 2763 (external_id=None): tags: unexpected type for tags: int: 123
2026-06-10 23:21:00,760 WARNING app.processing.normalize_worker: raw_document 2764 (external_id=doc-002928): updated_at: could not parse date: '2023-13-45'
2026-06-10 23:21:00,760 WARNING app.processing.normalize_worker: raw_document 2765 (external_id=doc-002929): updated_at: could not parse date: '2023-13-45'
2026-06-10 23:21:00,760 WARNING app.processing.normalize_worker: raw_document 2766 (external_id=doc-002930): updated_at: could not parse date: 'invalid-date'; status: unrecognized status: ''
2026-06-10 23:21:00,761 WARNING app.processing.normalize_worker: raw_document 2767 (external_id=None): status: unrecognized status: ''
2026-06-10 23:21:00,761 WARNING app.processing.normalize_worker: raw_document 2776 (external_id=None): word_count: could not parse integer: 'lots'
2026-06-10 23:21:00,761 WARNING app.processing.normalize_worker: raw_document 2778 (external_id=doc-002943): word_count: could not parse integer: 'lots'; tags: unexpected type for tags: int: 123
2026-06-10 23:21:00,762 WARNING app.processing.normalize_worker: raw_document 2782 (external_id=doc-002947): tags: unexpected type for tags: int: 123
2026-06-10 23:21:00,763 WARNING app.processing.normalize_worker: raw_document 2791 (external_id=doc-002958): updated_at: could not parse date: '2023-13-45'; word_count: could not parse integer: 'lots'
2026-06-10 23:21:00,763 WARNING app.processing.normalize_worker: raw_document 2798 (external_id=None): published_at: could not parse date: 'invalid-date'; updated_at: could not parse date: 'invalid-date'
2026-06-10 23:21:00,763 WARNING app.processing.normalize_worker: raw_document 2799 (external_id=doc-002966): status: unrecognized status: ''
2026-06-10 23:21:00,764 WARNING app.processing.normalize_worker: raw_document 2802 (external_id=doc-002969): status: unrecognized status: ''
2026-06-10 23:21:00,764 WARNING app.processing.normalize_worker: raw_document 2803 (external_id=doc-002970): word_count: could not parse integer: 'lots'
2026-06-10 23:21:00,764 WARNING app.processing.normalize_worker: raw_document 2805 (external_id=doc-002972): tags: tags list contained non-string elements, which were dropped
2026-06-10 23:21:00,764 WARNING app.processing.normalize_worker: raw_document 2807 (external_id=doc-002974): updated_at: could not parse date: 'invalid-date'
2026-06-10 23:21:00,764 WARNING app.processing.normalize_worker: raw_document 2809 (external_id=doc-002976): updated_at: could not parse date: 'invalid-date'; status: unrecognized status: ''
2026-06-10 23:21:00,765 WARNING app.processing.normalize_worker: raw_document 2812 (external_id=doc-002980): updated_at: could not parse date: 'invalid-date'
2026-06-10 23:21:00,765 WARNING app.processing.normalize_worker: raw_document 2813 (external_id=None): published_at: could not parse date: 'invalid-date'; status: unrecognized status: ''
2026-06-10 23:21:00,765 WARNING app.processing.normalize_worker: raw_document 2817 (external_id=doc-002985): updated_at: could not parse date: 'invalid-date'; status: unrecognized status: ''
2026-06-10 23:21:00,765 WARNING app.processing.normalize_worker: raw_document 2818 (external_id=doc-002987): updated_at: could not parse date: 'invalid-date'; citation_count: could not parse integer: 'many'
2026-06-10 23:21:00,765 WARNING app.processing.normalize_worker: raw_document 2820 (external_id=doc-002989): status: unrecognized status: ''
2026-06-10 23:21:00,766 WARNING app.processing.normalize_worker: raw_document 2824 (external_id=doc-002993): published_at: could not parse date: 'invalid-date'
2026-06-10 23:21:00,766 WARNING app.processing.normalize_worker: raw_document 2832 (external_id=doc-003001): tags: unexpected type for tags: int: 123
2026-06-10 23:21:00,767 WARNING app.processing.normalize_worker: raw_document 2847 (external_id=doc-003016): published_at: could not parse date: 'invalid-date'
2026-06-10 23:21:00,768 WARNING app.processing.normalize_worker: raw_document 2850 (external_id=doc-003019): published_at: could not parse date: 'invalid-date'
2026-06-10 23:21:00,769 WARNING app.processing.normalize_worker: raw_document 2859 (external_id=doc-003028): updated_at: could not parse date: 'invalid-date'; status: unrecognized status: ''
2026-06-10 23:21:00,769 WARNING app.processing.normalize_worker: raw_document 2862 (external_id=doc-003031): word_count: could not parse integer: 'lots'
2026-06-10 23:21:00,769 WARNING app.processing.normalize_worker: raw_document 2863 (external_id=doc-003032): updated_at: could not parse date: '2023-13-45'
2026-06-10 23:21:00,769 WARNING app.processing.normalize_worker: raw_document 2866 (external_id=doc-003036): published_at: could not parse date: 'invalid-date'
2026-06-10 23:21:00,769 WARNING app.processing.normalize_worker: raw_document 2867 (external_id=doc-003037): updated_at: could not parse date: 'invalid-date'
2026-06-10 23:21:00,769 WARNING app.processing.normalize_worker: raw_document 2868 (external_id=doc-003038): relevance_score: could not parse float: 'high'
2026-06-10 23:21:00,770 WARNING app.processing.normalize_worker: raw_document 2871 (external_id=doc-003041): published_at: could not parse date: 'invalid-date'; updated_at: could not parse date: 'invalid-date'
2026-06-10 23:21:00,770 WARNING app.processing.normalize_worker: raw_document 2874 (external_id=doc-003044): status: unrecognized status: ''; tags: unexpected type for tags: int: 123
2026-06-10 23:21:00,770 WARNING app.processing.normalize_worker: raw_document 2876 (external_id=doc-003046): updated_at: could not parse date: '2023-13-45'
2026-06-10 23:21:00,771 WARNING app.processing.normalize_worker: raw_document 2879 (external_id=doc-003049): published_at: could not parse date: '2023-13-45'
2026-06-10 23:21:00,771 WARNING app.processing.normalize_worker: raw_document 2883 (external_id=doc-003053): updated_at: could not parse date: 'invalid-date'
2026-06-10 23:21:00,771 WARNING app.processing.normalize_worker: raw_document 2886 (external_id=None): status: unrecognized status: ''
2026-06-10 23:21:00,772 WARNING app.processing.normalize_worker: raw_document 2890 (external_id=doc-003060): published_at: could not parse date: 'invalid-date'
2026-06-10 23:21:00,772 WARNING app.processing.normalize_worker: raw_document 2891 (external_id=doc-003061): updated_at: could not parse date: 'invalid-date'
2026-06-10 23:21:00,772 WARNING app.processing.normalize_worker: raw_document 2892 (external_id=doc-003062): published_at: could not parse date: '2023-13-45'
2026-06-10 23:21:00,772 WARNING app.processing.normalize_worker: raw_document 2894 (external_id=None): tags: unexpected type for tags: int: 123
2026-06-10 23:21:00,772 WARNING app.processing.normalize_worker: raw_document 2895 (external_id=doc-003065): published_at: could not parse date: 'invalid-date'; tags: tags list contained non-string elements, which were dropped
2026-06-10 23:21:00,772 WARNING app.processing.normalize_worker: raw_document 2899 (external_id=doc-003069): tags: unexpected type for tags: int: 123
2026-06-10 23:21:00,773 WARNING app.processing.normalize_worker: raw_document 2900 (external_id=doc-003070): published_at: could not parse date: '2023-13-45'; updated_at: could not parse date: '2023-13-45'
2026-06-10 23:21:00,773 WARNING app.processing.normalize_worker: raw_document 2901 (external_id=doc-003071): published_at: could not parse date: 'invalid-date'; tags: tags list contained non-string elements, which were dropped
2026-06-10 23:21:00,773 WARNING app.processing.normalize_worker: raw_document 2903 (external_id=None): updated_at: could not parse date: 'invalid-date'; tags: tags list contained non-string elements, which were dropped
2026-06-10 23:21:00,773 WARNING app.processing.normalize_worker: raw_document 2905 (external_id=doc-003076): status: unrecognized status: ''
2026-06-10 23:21:00,773 WARNING app.processing.normalize_worker: raw_document 2907 (external_id=doc-003080): updated_at: could not parse date: 'invalid-date'; tags: tags list contained non-string elements, which were dropped
2026-06-10 23:21:00,774 WARNING app.processing.normalize_worker: raw_document 2910 (external_id=doc-003084): published_at: could not parse date: 'invalid-date'; updated_at: could not parse date: 'invalid-date'
2026-06-10 23:21:00,774 WARNING app.processing.normalize_worker: raw_document 2912 (external_id=doc-003086): updated_at: could not parse date: 'invalid-date'
2026-06-10 23:21:00,774 WARNING app.processing.normalize_worker: raw_document 2914 (external_id=doc-003088): status: unrecognized status: ''
2026-06-10 23:21:00,774 WARNING app.processing.normalize_worker: raw_document 2918 (external_id=doc-003094): tags: tags list contained non-string elements, which were dropped
2026-06-10 23:21:00,774 WARNING app.processing.normalize_worker: raw_document 2919 (external_id=doc-003095): updated_at: could not parse date: 'invalid-date'; status: unrecognized status: ''; tags: unexpected type for tags: int: 123
2026-06-10 23:21:00,775 WARNING app.processing.normalize_worker: raw_document 2931 (external_id=doc-003108): published_at: could not parse date: '2023-13-45'
2026-06-10 23:21:00,776 WARNING app.processing.normalize_worker: raw_document 2933 (external_id=None): word_count: could not parse integer: 'lots'
2026-06-10 23:21:00,776 WARNING app.processing.normalize_worker: raw_document 2936 (external_id=doc-003113): updated_at: could not parse date: 'invalid-date'
2026-06-10 23:21:00,776 WARNING app.processing.normalize_worker: raw_document 2938 (external_id=doc-003115): published_at: could not parse date: '2023-13-45'
2026-06-10 23:21:00,776 WARNING app.processing.normalize_worker: raw_document 2939 (external_id=doc-003116): updated_at: could not parse date: '2023-13-45'
2026-06-10 23:21:00,776 WARNING app.processing.normalize_worker: raw_document 2941 (external_id=doc-003118): tags: unexpected type for tags: int: 123
2026-06-10 23:21:00,777 WARNING app.processing.normalize_worker: raw_document 2943 (external_id=doc-003120): status: unrecognized status: ''
2026-06-10 23:21:00,777 WARNING app.processing.normalize_worker: raw_document 2952 (external_id=None): status: unrecognized status: ''
2026-06-10 23:21:00,778 WARNING app.processing.normalize_worker: raw_document 2955 (external_id=doc-003133): updated_at: could not parse date: '2023-13-45'
2026-06-10 23:21:00,778 WARNING app.processing.normalize_worker: raw_document 2956 (external_id=doc-003134): updated_at: could not parse date: 'invalid-date'
2026-06-10 23:21:00,778 WARNING app.processing.normalize_worker: raw_document 2958 (external_id=doc-003136): published_at: could not parse date: 'invalid-date'
2026-06-10 23:21:00,778 WARNING app.processing.normalize_worker: raw_document 2959 (external_id=None): tags: tags list contained non-string elements, which were dropped
2026-06-10 23:21:00,778 WARNING app.processing.normalize_worker: raw_document 2960 (external_id=doc-003138): relevance_score: could not parse float: 'high'
2026-06-10 23:21:00,779 WARNING app.processing.normalize_worker: raw_document 2973 (external_id=doc-003152): status: unrecognized status: ''
2026-06-10 23:21:00,779 WARNING app.processing.normalize_worker: raw_document 2974 (external_id=doc-003153): word_count: could not parse integer: 'lots'
2026-06-10 23:21:00,779 WARNING app.processing.normalize_worker: raw_document 2975 (external_id=doc-003154): relevance_score: could not parse float: 'high'
2026-06-10 23:21:00,780 WARNING app.processing.normalize_worker: raw_document 2979 (external_id=doc-003158): tags: tags list contained non-string elements, which were dropped
2026-06-10 23:21:00,780 WARNING app.processing.normalize_worker: raw_document 2981 (external_id=doc-003160): updated_at: could not parse date: '2023-13-45'
2026-06-10 23:21:00,780 WARNING app.processing.normalize_worker: raw_document 2982 (external_id=doc-003161): published_at: could not parse date: 'invalid-date'
2026-06-10 23:21:00,780 WARNING app.processing.normalize_worker: raw_document 2987 (external_id=doc-003166): status: unrecognized status: ''
2026-06-10 23:21:00,781 WARNING app.processing.normalize_worker: raw_document 2990 (external_id=doc-003169): updated_at: could not parse date: 'invalid-date'
2026-06-10 23:21:00,781 WARNING app.processing.normalize_worker: raw_document 2991 (external_id=doc-003170): published_at: could not parse date: 'invalid-date'
2026-06-10 23:21:00,781 WARNING app.processing.normalize_worker: raw_document 2992 (external_id=doc-003171): updated_at: could not parse date: '2023-13-45'
2026-06-10 23:21:00,781 WARNING app.processing.normalize_worker: raw_document 2995 (external_id=doc-003174): updated_at: could not parse date: 'invalid-date'
2026-06-10 23:21:00,782 WARNING app.processing.normalize_worker: raw_document 2998 (external_id=doc-003177): updated_at: could not parse date: 'invalid-date'
2026-06-10 23:21:00,816 INFO app.processing.normalize_worker: stage 1: normalized 500 raw documents (remaining=766)
2026-06-10 23:21:00,817 INFO app.services.ingestion_service: app.processing.normalize_worker: processed=500 remaining=766
2026-06-10 23:21:00,822 WARNING app.processing.normalize_worker: raw_document 3003 (external_id=doc-003182): citation_count: could not parse integer: 'many'; word_count: could not parse integer: 'lots'
2026-06-10 23:21:00,822 WARNING app.processing.normalize_worker: raw_document 3004 (external_id=doc-003183): published_at: could not parse date: '2023-13-45'
2026-06-10 23:21:00,822 WARNING app.processing.normalize_worker: raw_document 3005 (external_id=None): updated_at: could not parse date: 'invalid-date'
2026-06-10 23:21:00,823 WARNING app.processing.normalize_worker: raw_document 3007 (external_id=doc-003186): published_at: could not parse date: 'invalid-date'
2026-06-10 23:21:00,823 WARNING app.processing.normalize_worker: raw_document 3008 (external_id=doc-003187): published_at: could not parse date: '2023-13-45'
2026-06-10 23:21:00,823 WARNING app.processing.normalize_worker: raw_document 3011 (external_id=None): status: unrecognized status: ''
2026-06-10 23:21:00,823 WARNING app.processing.normalize_worker: raw_document 3013 (external_id=doc-003192): status: unrecognized status: ''
2026-06-10 23:21:00,824 WARNING app.processing.normalize_worker: raw_document 3016 (external_id=doc-003195): status: unrecognized status: ''
2026-06-10 23:21:00,824 WARNING app.processing.normalize_worker: raw_document 3017 (external_id=None): published_at: could not parse date: 'invalid-date'
2026-06-10 23:21:00,824 WARNING app.processing.normalize_worker: raw_document 3019 (external_id=doc-003198): status: unrecognized status: ''
2026-06-10 23:21:00,824 WARNING app.processing.normalize_worker: raw_document 3022 (external_id=doc-003201): updated_at: could not parse date: '2023-13-45'
2026-06-10 23:21:00,825 WARNING app.processing.normalize_worker: raw_document 3026 (external_id=doc-003206): citation_count: could not parse integer: 'many'
2026-06-10 23:21:00,825 WARNING app.processing.normalize_worker: raw_document 3027 (external_id=doc-003207): relevance_score: could not parse float: 'high'
2026-06-10 23:21:00,825 WARNING app.processing.normalize_worker: raw_document 3032 (external_id=doc-003212): published_at: could not parse date: '2023-13-45'
2026-06-10 23:21:00,826 WARNING app.processing.normalize_worker: raw_document 3034 (external_id=None): status: unrecognized status: ''; tags: unexpected type for tags: int: 123
2026-06-10 23:21:00,826 WARNING app.processing.normalize_worker: raw_document 3038 (external_id=doc-003219): status: unrecognized status: ''
2026-06-10 23:21:00,826 WARNING app.processing.normalize_worker: raw_document 3042 (external_id=doc-003223): status: unrecognized status: ''
2026-06-10 23:21:00,827 WARNING app.processing.normalize_worker: raw_document 3044 (external_id=doc-003225): updated_at: could not parse date: '2023-13-45'
2026-06-10 23:21:00,827 WARNING app.processing.normalize_worker: raw_document 3047 (external_id=doc-003228): status: unrecognized status: ''
2026-06-10 23:21:00,827 WARNING app.processing.normalize_worker: raw_document 3052 (external_id=doc-003233): tags: tags list contained non-string elements, which were dropped
2026-06-10 23:21:00,829 WARNING app.processing.normalize_worker: raw_document 3068 (external_id=doc-003249): citation_count: could not parse integer: 'many'
2026-06-10 23:21:00,829 WARNING app.processing.normalize_worker: raw_document 3069 (external_id=doc-003250): published_at: could not parse date: 'invalid-date'
2026-06-10 23:21:00,829 WARNING app.processing.normalize_worker: raw_document 3072 (external_id=doc-003253): status: unrecognized status: ''
2026-06-10 23:21:00,829 WARNING app.processing.normalize_worker: raw_document 3075 (external_id=doc-003257): updated_at: could not parse date: 'invalid-date'
2026-06-10 23:21:00,829 WARNING app.processing.normalize_worker: raw_document 3078 (external_id=doc-003261): updated_at: could not parse date: 'invalid-date'
2026-06-10 23:21:00,830 WARNING app.processing.normalize_worker: raw_document 3080 (external_id=doc-003263): published_at: could not parse date: 'invalid-date'
2026-06-10 23:21:00,830 WARNING app.processing.normalize_worker: raw_document 3083 (external_id=doc-003266): status: unrecognized status: ''
2026-06-10 23:21:00,830 WARNING app.processing.normalize_worker: raw_document 3085 (external_id=doc-003268): citation_count: could not parse integer: 'many'
2026-06-10 23:21:00,830 WARNING app.processing.normalize_worker: raw_document 3087 (external_id=doc-003270): updated_at: could not parse date: 'invalid-date'
2026-06-10 23:21:00,831 WARNING app.processing.normalize_worker: raw_document 3088 (external_id=doc-003271): status: unrecognized status: ''; relevance_score: could not parse float: 'high'
2026-06-10 23:21:00,831 WARNING app.processing.normalize_worker: raw_document 3094 (external_id=doc-003277): updated_at: could not parse date: 'invalid-date'
2026-06-10 23:21:00,831 WARNING app.processing.normalize_worker: raw_document 3095 (external_id=doc-003278): status: unrecognized status: ''
2026-06-10 23:21:00,831 WARNING app.processing.normalize_worker: raw_document 3096 (external_id=doc-003279): updated_at: could not parse date: 'invalid-date'
2026-06-10 23:21:00,832 WARNING app.processing.normalize_worker: raw_document 3099 (external_id=doc-003283): status: unrecognized status: ''
2026-06-10 23:21:00,832 WARNING app.processing.normalize_worker: raw_document 3106 (external_id=doc-003290): tags: unexpected type for tags: int: 123
2026-06-10 23:21:00,832 WARNING app.processing.normalize_worker: raw_document 3107 (external_id=doc-003291): published_at: could not parse date: 'invalid-date'
2026-06-10 23:21:00,833 WARNING app.processing.normalize_worker: raw_document 3111 (external_id=doc-003295): published_at: could not parse date: 'invalid-date'
2026-06-10 23:21:00,833 WARNING app.processing.normalize_worker: raw_document 3114 (external_id=doc-003298): updated_at: could not parse date: '2023-13-45'
2026-06-10 23:21:00,833 WARNING app.processing.normalize_worker: raw_document 3121 (external_id=doc-003306): status: unrecognized status: ''
2026-06-10 23:21:00,834 WARNING app.processing.normalize_worker: raw_document 3131 (external_id=doc-003318): word_count: could not parse integer: 'lots'
2026-06-10 23:21:00,834 WARNING app.processing.normalize_worker: raw_document 3132 (external_id=doc-003319): published_at: could not parse date: '2023-13-45'
2026-06-10 23:21:00,835 WARNING app.processing.normalize_worker: raw_document 3135 (external_id=doc-003322): published_at: could not parse date: '2023-13-45'; updated_at: could not parse date: 'invalid-date'
2026-06-10 23:21:00,835 WARNING app.processing.normalize_worker: raw_document 3136 (external_id=doc-003323): status: unrecognized status: ''; tags: tags list contained non-string elements, which were dropped
2026-06-10 23:21:00,835 WARNING app.processing.normalize_worker: raw_document 3139 (external_id=doc-003326): relevance_score: could not parse float: 'high'
2026-06-10 23:21:00,836 WARNING app.processing.normalize_worker: raw_document 3144 (external_id=doc-003331): word_count: could not parse integer: 'lots'
2026-06-10 23:21:00,836 WARNING app.processing.normalize_worker: raw_document 3147 (external_id=None): published_at: could not parse date: 'invalid-date'
2026-06-10 23:21:00,836 WARNING app.processing.normalize_worker: raw_document 3149 (external_id=doc-003337): status: unrecognized status: ''
2026-06-10 23:21:00,836 WARNING app.processing.normalize_worker: raw_document 3152 (external_id=doc-003340): status: unrecognized status: ''
2026-06-10 23:21:00,837 WARNING app.processing.normalize_worker: raw_document 3155 (external_id=doc-003343): updated_at: could not parse date: '2023-13-45'; relevance_score: could not parse float: 'high'
2026-06-10 23:21:00,837 WARNING app.processing.normalize_worker: raw_document 3158 (external_id=doc-003346): published_at: could not parse date: 'invalid-date'; tags: unexpected type for tags: int: 123
2026-06-10 23:21:00,837 WARNING app.processing.normalize_worker: raw_document 3160 (external_id=doc-003349): updated_at: could not parse date: '2023-13-45'
2026-06-10 23:21:00,837 WARNING app.processing.normalize_worker: raw_document 3161 (external_id=None): status: unrecognized status: ''
2026-06-10 23:21:00,837 WARNING app.processing.normalize_worker: raw_document 3163 (external_id=doc-003352): status: unrecognized status: ''
2026-06-10 23:21:00,838 WARNING app.processing.normalize_worker: raw_document 3166 (external_id=doc-003355): status: unrecognized status: ''
2026-06-10 23:21:00,838 WARNING app.processing.normalize_worker: raw_document 3167 (external_id=doc-003356): updated_at: could not parse date: '2023-13-45'
2026-06-10 23:21:00,838 WARNING app.processing.normalize_worker: raw_document 3168 (external_id=doc-003357): tags: tags list contained non-string elements, which were dropped
2026-06-10 23:21:00,838 WARNING app.processing.normalize_worker: raw_document 3170 (external_id=doc-003360): published_at: could not parse date: 'invalid-date'
2026-06-10 23:21:00,839 WARNING app.processing.normalize_worker: raw_document 3177 (external_id=doc-003368): word_count: could not parse integer: 'lots'
2026-06-10 23:21:00,839 WARNING app.processing.normalize_worker: raw_document 3178 (external_id=doc-003369): published_at: could not parse date: '2023-13-45'; word_count: could not parse integer: 'lots'
2026-06-10 23:21:00,839 WARNING app.processing.normalize_worker: raw_document 3181 (external_id=doc-003372): status: unrecognized status: ''
2026-06-10 23:21:00,839 WARNING app.processing.normalize_worker: raw_document 3183 (external_id=doc-003374): tags: tags list contained non-string elements, which were dropped
2026-06-10 23:21:00,839 WARNING app.processing.normalize_worker: raw_document 3184 (external_id=doc-003375): published_at: could not parse date: '2023-13-45'; tags: tags list contained non-string elements, which were dropped
2026-06-10 23:21:00,840 WARNING app.processing.normalize_worker: raw_document 3186 (external_id=doc-003377): published_at: could not parse date: 'invalid-date'
2026-06-10 23:21:00,840 WARNING app.processing.normalize_worker: raw_document 3191 (external_id=doc-003383): word_count: could not parse integer: 'lots'
2026-06-10 23:21:00,840 WARNING app.processing.normalize_worker: raw_document 3192 (external_id=doc-003386): updated_at: could not parse date: '2023-13-45'
2026-06-10 23:21:00,841 WARNING app.processing.normalize_worker: raw_document 3198 (external_id=doc-003393): word_count: could not parse integer: 'lots'
2026-06-10 23:21:00,841 WARNING app.processing.normalize_worker: raw_document 3203 (external_id=doc-003398): relevance_score: could not parse float: 'high'
2026-06-10 23:21:00,841 WARNING app.processing.normalize_worker: raw_document 3204 (external_id=doc-003399): citation_count: could not parse integer: 'many'; relevance_score: could not parse float: 'high'
2026-06-10 23:21:00,841 WARNING app.processing.normalize_worker: raw_document 3206 (external_id=doc-003401): published_at: could not parse date: '2023-13-45'
2026-06-10 23:21:00,842 WARNING app.processing.normalize_worker: raw_document 3207 (external_id=doc-003402): status: unrecognized status: ''
2026-06-10 23:21:00,842 WARNING app.processing.normalize_worker: raw_document 3208 (external_id=doc-003403): status: unrecognized status: ''
2026-06-10 23:21:00,842 WARNING app.processing.normalize_worker: raw_document 3212 (external_id=doc-003408): published_at: could not parse date: '2023-13-45'
2026-06-10 23:21:00,842 WARNING app.processing.normalize_worker: raw_document 3213 (external_id=doc-003409): published_at: could not parse date: 'invalid-date'
2026-06-10 23:21:00,842 WARNING app.processing.normalize_worker: raw_document 3214 (external_id=doc-003411): citation_count: could not parse integer: 'many'
2026-06-10 23:21:00,842 WARNING app.processing.normalize_worker: raw_document 3215 (external_id=doc-003412): citation_count: could not parse integer: 'many'
2026-06-10 23:21:00,843 WARNING app.processing.normalize_worker: raw_document 3218 (external_id=None): tags: unexpected type for tags: int: 123
2026-06-10 23:21:00,843 WARNING app.processing.normalize_worker: raw_document 3219 (external_id=doc-003416): relevance_score: could not parse float: 'high'
2026-06-10 23:21:00,843 WARNING app.processing.normalize_worker: raw_document 3223 (external_id=doc-003420): tags: unexpected type for tags: int: 123
2026-06-10 23:21:00,843 WARNING app.processing.normalize_worker: raw_document 3227 (external_id=doc-003424): word_count: could not parse integer: 'lots'
2026-06-10 23:21:00,844 WARNING app.processing.normalize_worker: raw_document 3238 (external_id=doc-003438): tags: tags list contained non-string elements, which were dropped
2026-06-10 23:21:00,845 WARNING app.processing.normalize_worker: raw_document 3243 (external_id=doc-003443): updated_at: could not parse date: 'invalid-date'
2026-06-10 23:21:00,845 WARNING app.processing.normalize_worker: raw_document 3251 (external_id=3451): word_count: could not parse integer: 'lots'
2026-06-10 23:21:00,846 WARNING app.processing.normalize_worker: raw_document 3253 (external_id=doc-003453): tags: unexpected type for tags: int: 123
2026-06-10 23:21:00,846 WARNING app.processing.normalize_worker: raw_document 3255 (external_id=doc-003455): status: unrecognized status: ''
2026-06-10 23:21:00,846 WARNING app.processing.normalize_worker: raw_document 3258 (external_id=doc-003458): updated_at: could not parse date: '2023-13-45'
2026-06-10 23:21:00,846 WARNING app.processing.normalize_worker: raw_document 3261 (external_id=doc-003461): published_at: could not parse date: '2023-13-45'
2026-06-10 23:21:00,846 WARNING app.processing.normalize_worker: raw_document 3262 (external_id=doc-003462): published_at: could not parse date: 'invalid-date'; status: unrecognized status: ''
2026-06-10 23:21:00,847 WARNING app.processing.normalize_worker: raw_document 3265 (external_id=None): published_at: could not parse date: 'invalid-date'; updated_at: could not parse date: 'invalid-date'
2026-06-10 23:21:00,847 WARNING app.processing.normalize_worker: raw_document 3271 (external_id=doc-003471): published_at: could not parse date: 'invalid-date'
2026-06-10 23:21:00,848 WARNING app.processing.normalize_worker: raw_document 3273 (external_id=doc-003474): updated_at: could not parse date: 'invalid-date'
2026-06-10 23:21:00,848 WARNING app.processing.normalize_worker: raw_document 3279 (external_id=doc-003480): word_count: could not parse integer: 'lots'
2026-06-10 23:21:00,848 WARNING app.processing.normalize_worker: raw_document 3280 (external_id=doc-003481): updated_at: could not parse date: 'invalid-date'
2026-06-10 23:21:00,848 WARNING app.processing.normalize_worker: raw_document 3283 (external_id=3484): updated_at: could not parse date: '2023-13-45'
2026-06-10 23:21:00,849 WARNING app.processing.normalize_worker: raw_document 3284 (external_id=doc-003485): published_at: could not parse date: '2023-13-45'
2026-06-10 23:21:00,849 WARNING app.processing.normalize_worker: raw_document 3285 (external_id=doc-003486): tags: tags list contained non-string elements, which were dropped
2026-06-10 23:21:00,849 WARNING app.processing.normalize_worker: raw_document 3287 (external_id=doc-003488): tags: unexpected type for tags: int: 123
2026-06-10 23:21:00,849 WARNING app.processing.normalize_worker: raw_document 3293 (external_id=doc-003494): citation_count: could not parse integer: 'many'
2026-06-10 23:21:00,850 WARNING app.processing.normalize_worker: raw_document 3297 (external_id=None): published_at: could not parse date: 'invalid-date'
2026-06-10 23:21:00,850 WARNING app.processing.normalize_worker: raw_document 3298 (external_id=doc-003500): updated_at: could not parse date: 'invalid-date'
2026-06-10 23:21:00,850 WARNING app.processing.normalize_worker: raw_document 3300 (external_id=doc-003502): published_at: could not parse date: '2023-13-45'
2026-06-10 23:21:00,850 WARNING app.processing.normalize_worker: raw_document 3302 (external_id=doc-003504): updated_at: could not parse date: '2023-13-45'; citation_count: could not parse integer: 'many'
2026-06-10 23:21:00,851 WARNING app.processing.normalize_worker: raw_document 3308 (external_id=doc-003510): tags: tags list contained non-string elements, which were dropped
2026-06-10 23:21:00,851 WARNING app.processing.normalize_worker: raw_document 3312 (external_id=doc-003514): published_at: could not parse date: 'invalid-date'; tags: unexpected type for tags: int: 123
2026-06-10 23:21:00,851 WARNING app.processing.normalize_worker: raw_document 3315 (external_id=doc-003517): status: unrecognized status: ''
2026-06-10 23:21:00,852 WARNING app.processing.normalize_worker: raw_document 3316 (external_id=doc-003518): updated_at: could not parse date: 'invalid-date'
2026-06-10 23:21:00,852 WARNING app.processing.normalize_worker: raw_document 3318 (external_id=doc-003520): updated_at: could not parse date: '2023-13-45'
2026-06-10 23:21:00,852 WARNING app.processing.normalize_worker: raw_document 3327 (external_id=doc-003530): status: unrecognized status: ''; word_count: could not parse integer: 'lots'; tags: tags list contained non-string elements, which were dropped
2026-06-10 23:21:00,853 WARNING app.processing.normalize_worker: raw_document 3330 (external_id=doc-003533): status: unrecognized status: ''; tags: tags list contained non-string elements, which were dropped
2026-06-10 23:21:00,853 WARNING app.processing.normalize_worker: raw_document 3331 (external_id=None): updated_at: could not parse date: 'invalid-date'
2026-06-10 23:21:00,853 WARNING app.processing.normalize_worker: raw_document 3333 (external_id=doc-003537): tags: unexpected type for tags: int: 123
2026-06-10 23:21:00,854 WARNING app.processing.normalize_worker: raw_document 3340 (external_id=doc-003544): status: unrecognized status: ''
2026-06-10 23:21:00,854 WARNING app.processing.normalize_worker: raw_document 3344 (external_id=doc-003548): relevance_score: could not parse float: 'high'
2026-06-10 23:21:00,854 WARNING app.processing.normalize_worker: raw_document 3345 (external_id=doc-003549): updated_at: could not parse date: 'invalid-date'
2026-06-10 23:21:00,855 WARNING app.processing.normalize_worker: raw_document 3352 (external_id=doc-003556): published_at: could not parse date: 'invalid-date'; status: unrecognized status: ''
2026-06-10 23:21:00,855 WARNING app.processing.normalize_worker: raw_document 3354 (external_id=doc-003558): status: unrecognized status: ''
2026-06-10 23:21:00,855 WARNING app.processing.normalize_worker: raw_document 3357 (external_id=doc-003561): published_at: could not parse date: 'invalid-date'; updated_at: could not parse date: 'invalid-date'
2026-06-10 23:21:00,855 WARNING app.processing.normalize_worker: raw_document 3360 (external_id=doc-003564): word_count: could not parse integer: 'lots'
2026-06-10 23:21:00,856 WARNING app.processing.normalize_worker: raw_document 3363 (external_id=doc-003567): relevance_score: could not parse float: 'high'
2026-06-10 23:21:00,856 WARNING app.processing.normalize_worker: raw_document 3364 (external_id=doc-003568): tags: tags list contained non-string elements, which were dropped
2026-06-10 23:21:00,856 WARNING app.processing.normalize_worker: raw_document 3365 (external_id=None): published_at: could not parse date: '2023-13-45'
2026-06-10 23:21:00,856 WARNING app.processing.normalize_worker: raw_document 3366 (external_id=None): word_count: could not parse integer: 'lots'
2026-06-10 23:21:00,856 WARNING app.processing.normalize_worker: raw_document 3368 (external_id=None): citation_count: could not parse integer: 'many'
2026-06-10 23:21:00,856 WARNING app.processing.normalize_worker: raw_document 3369 (external_id=doc-003574): published_at: could not parse date: 'invalid-date'
2026-06-10 23:21:00,857 WARNING app.processing.normalize_worker: raw_document 3371 (external_id=doc-003576): tags: unexpected type for tags: int: 123
2026-06-10 23:21:00,857 WARNING app.processing.normalize_worker: raw_document 3373 (external_id=doc-003578): published_at: could not parse date: '2023-13-45'
2026-06-10 23:21:00,857 WARNING app.processing.normalize_worker: raw_document 3375 (external_id=doc-003580): published_at: could not parse date: 'invalid-date'
2026-06-10 23:21:00,857 WARNING app.processing.normalize_worker: raw_document 3379 (external_id=3584): published_at: could not parse date: 'invalid-date'
2026-06-10 23:21:00,858 WARNING app.processing.normalize_worker: raw_document 3382 (external_id=doc-003587): updated_at: could not parse date: 'invalid-date'
2026-06-10 23:21:00,858 WARNING app.processing.normalize_worker: raw_document 3384 (external_id=doc-003589): published_at: could not parse date: 'invalid-date'
2026-06-10 23:21:00,858 WARNING app.processing.normalize_worker: raw_document 3386 (external_id=doc-003591): updated_at: could not parse date: 'invalid-date'
2026-06-10 23:21:00,858 WARNING app.processing.normalize_worker: raw_document 3389 (external_id=doc-003594): tags: tags list contained non-string elements, which were dropped
2026-06-10 23:21:00,859 WARNING app.processing.normalize_worker: raw_document 3392 (external_id=None): word_count: could not parse integer: 'lots'
2026-06-10 23:21:00,859 WARNING app.processing.normalize_worker: raw_document 3394 (external_id=doc-003600): status: unrecognized status: ''
2026-06-10 23:21:00,859 WARNING app.processing.normalize_worker: raw_document 3399 (external_id=doc-003606): updated_at: could not parse date: '2023-13-45'
2026-06-10 23:21:00,859 WARNING app.processing.normalize_worker: raw_document 3400 (external_id=doc-003607): published_at: could not parse date: 'invalid-date'
2026-06-10 23:21:00,860 WARNING app.processing.normalize_worker: raw_document 3403 (external_id=doc-003610): word_count: could not parse integer: 'lots'
2026-06-10 23:21:00,860 WARNING app.processing.normalize_worker: raw_document 3404 (external_id=None): published_at: could not parse date: 'invalid-date'
2026-06-10 23:21:00,860 WARNING app.processing.normalize_worker: raw_document 3405 (external_id=doc-003612): status: unrecognized status: ''
2026-06-10 23:21:00,860 WARNING app.processing.normalize_worker: raw_document 3408 (external_id=doc-003615): citation_count: could not parse integer: 'many'
2026-06-10 23:21:00,861 WARNING app.processing.normalize_worker: raw_document 3413 (external_id=doc-003620): updated_at: could not parse date: '2023-13-45'
2026-06-10 23:21:00,861 WARNING app.processing.normalize_worker: raw_document 3417 (external_id=None): word_count: could not parse integer: 'lots'
2026-06-10 23:21:00,861 WARNING app.processing.normalize_worker: raw_document 3418 (external_id=doc-003625): updated_at: could not parse date: '2023-13-45'; status: unrecognized status: ''
2026-06-10 23:21:00,861 WARNING app.processing.normalize_worker: raw_document 3421 (external_id=doc-003628): status: unrecognized status: ''
2026-06-10 23:21:00,862 WARNING app.processing.normalize_worker: raw_document 3430 (external_id=doc-003638): status: unrecognized status: ''
2026-06-10 23:21:00,862 WARNING app.processing.normalize_worker: raw_document 3431 (external_id=doc-003639): published_at: could not parse date: '2023-13-45'
2026-06-10 23:21:00,862 WARNING app.processing.normalize_worker: raw_document 3432 (external_id=None): published_at: could not parse date: 'invalid-date'
2026-06-10 23:21:00,863 WARNING app.processing.normalize_worker: raw_document 3434 (external_id=doc-003642): word_count: could not parse integer: 'lots'
2026-06-10 23:21:00,863 WARNING app.processing.normalize_worker: raw_document 3436 (external_id=doc-003644): word_count: could not parse integer: 'lots'
2026-06-10 23:21:00,864 WARNING app.processing.normalize_worker: raw_document 3446 (external_id=doc-003654): status: unrecognized status: ''
2026-06-10 23:21:00,864 WARNING app.processing.normalize_worker: raw_document 3447 (external_id=None): tags: tags list contained non-string elements, which were dropped
2026-06-10 23:21:00,864 WARNING app.processing.normalize_worker: raw_document 3451 (external_id=doc-003659): status: unrecognized status: ''
2026-06-10 23:21:00,864 WARNING app.processing.normalize_worker: raw_document 3454 (external_id=None): updated_at: could not parse date: 'invalid-date'
2026-06-10 23:21:00,865 WARNING app.processing.normalize_worker: raw_document 3456 (external_id=doc-003665): tags: unexpected type for tags: int: 123
2026-06-10 23:21:00,865 WARNING app.processing.normalize_worker: raw_document 3458 (external_id=doc-003667): tags: unexpected type for tags: int: 123
2026-06-10 23:21:00,865 WARNING app.processing.normalize_worker: raw_document 3463 (external_id=doc-003673): updated_at: could not parse date: 'invalid-date'
2026-06-10 23:21:00,865 WARNING app.processing.normalize_worker: raw_document 3464 (external_id=None): published_at: could not parse date: 'invalid-date'
2026-06-10 23:21:00,866 WARNING app.processing.normalize_worker: raw_document 3468 (external_id=doc-003680): updated_at: could not parse date: 'invalid-date'
2026-06-10 23:21:00,866 WARNING app.processing.normalize_worker: raw_document 3469 (external_id=doc-003681): status: unrecognized status: ''
2026-06-10 23:21:00,866 WARNING app.processing.normalize_worker: raw_document 3470 (external_id=None): published_at: could not parse date: 'invalid-date'
2026-06-10 23:21:00,867 WARNING app.processing.normalize_worker: raw_document 3476 (external_id=doc-003688): status: unrecognized status: ''
2026-06-10 23:21:00,867 WARNING app.processing.normalize_worker: raw_document 3478 (external_id=doc-003690): relevance_score: could not parse float: 'high'
2026-06-10 23:21:00,867 WARNING app.processing.normalize_worker: raw_document 3480 (external_id=doc-003692): status: unrecognized status: ''
2026-06-10 23:21:00,867 WARNING app.processing.normalize_worker: raw_document 3482 (external_id=doc-003694): published_at: could not parse date: '2023-13-45'
2026-06-10 23:21:00,867 WARNING app.processing.normalize_worker: raw_document 3483 (external_id=doc-003696): published_at: could not parse date: 'invalid-date'; word_count: could not parse integer: 'lots'
2026-06-10 23:21:00,868 WARNING app.processing.normalize_worker: raw_document 3486 (external_id=doc-003700): published_at: could not parse date: 'invalid-date'; updated_at: could not parse date: 'invalid-date'
2026-06-10 23:21:00,868 WARNING app.processing.normalize_worker: raw_document 3488 (external_id=doc-003703): status: unrecognized status: ''
2026-06-10 23:21:00,868 WARNING app.processing.normalize_worker: raw_document 3494 (external_id=doc-003709): published_at: could not parse date: '2023-13-45'
2026-06-10 23:21:00,868 WARNING app.processing.normalize_worker: raw_document 3495 (external_id=doc-003710): word_count: could not parse integer: 'lots'
2026-06-10 23:21:00,869 WARNING app.processing.normalize_worker: raw_document 3498 (external_id=doc-003713): status: unrecognized status: ''
2026-06-10 23:21:00,869 WARNING app.processing.normalize_worker: raw_document 3500 (external_id=None): updated_at: could not parse date: '2023-13-45'
2026-06-10 23:21:00,946 INFO app.processing.normalize_worker: stage 1: normalized 500 raw documents (remaining=266)
2026-06-10 23:21:00,947 INFO app.services.ingestion_service: app.processing.normalize_worker: processed=500 remaining=266
2026-06-10 23:21:00,952 WARNING app.processing.normalize_worker: raw_document 3503 (external_id=doc-003718): word_count: could not parse integer: 'lots'
2026-06-10 23:21:00,953 WARNING app.processing.normalize_worker: raw_document 3517 (external_id=doc-003733): published_at: could not parse date: '2023-13-45'
2026-06-10 23:21:00,954 WARNING app.processing.normalize_worker: raw_document 3519 (external_id=None): relevance_score: could not parse float: 'high'
2026-06-10 23:21:00,954 WARNING app.processing.normalize_worker: raw_document 3520 (external_id=doc-003736): word_count: could not parse integer: 'lots'
2026-06-10 23:21:00,954 WARNING app.processing.normalize_worker: raw_document 3523 (external_id=doc-003739): tags: tags list contained non-string elements, which were dropped
2026-06-10 23:21:00,954 WARNING app.processing.normalize_worker: raw_document 3525 (external_id=None): word_count: could not parse integer: 'lots'
2026-06-10 23:21:00,955 WARNING app.processing.normalize_worker: raw_document 3529 (external_id=doc-003745): tags: unexpected type for tags: int: 123
2026-06-10 23:21:00,955 WARNING app.processing.normalize_worker: raw_document 3530 (external_id=doc-003746): tags: unexpected type for tags: int: 123
2026-06-10 23:21:00,956 WARNING app.processing.normalize_worker: raw_document 3536 (external_id=doc-003753): published_at: could not parse date: 'invalid-date'
2026-06-10 23:21:00,956 WARNING app.processing.normalize_worker: raw_document 3537 (external_id=None): updated_at: could not parse date: '2023-13-45'
2026-06-10 23:21:00,956 WARNING app.processing.normalize_worker: raw_document 3540 (external_id=None): tags: unexpected type for tags: int: 123
2026-06-10 23:21:00,957 WARNING app.processing.normalize_worker: raw_document 3542 (external_id=doc-003760): relevance_score: could not parse float: 'high'
2026-06-10 23:21:00,957 WARNING app.processing.normalize_worker: raw_document 3543 (external_id=doc-003761): status: unrecognized status: ''
2026-06-10 23:21:00,957 WARNING app.processing.normalize_worker: raw_document 3544 (external_id=doc-003762): updated_at: could not parse date: '2023-13-45'
2026-06-10 23:21:00,957 WARNING app.processing.normalize_worker: raw_document 3545 (external_id=doc-003763): status: unrecognized status: ''
2026-06-10 23:21:00,957 WARNING app.processing.normalize_worker: raw_document 3547 (external_id=None): updated_at: could not parse date: 'invalid-date'; status: unrecognized status: ''
2026-06-10 23:21:00,957 WARNING app.processing.normalize_worker: raw_document 3548 (external_id=doc-003768): relevance_score: could not parse float: 'high'
2026-06-10 23:21:00,958 WARNING app.processing.normalize_worker: raw_document 3552 (external_id=doc-003772): published_at: could not parse date: '2023-13-45'; updated_at: could not parse date: 'invalid-date'
2026-06-10 23:21:00,958 WARNING app.processing.normalize_worker: raw_document 3553 (external_id=doc-003773): tags: tags list contained non-string elements, which were dropped
2026-06-10 23:21:00,958 WARNING app.processing.normalize_worker: raw_document 3557 (external_id=doc-003778): published_at: could not parse date: 'invalid-date'; updated_at: could not parse date: 'invalid-date'
2026-06-10 23:21:00,959 WARNING app.processing.normalize_worker: raw_document 3558 (external_id=doc-003779): updated_at: could not parse date: '2023-13-45'; status: unrecognized status: ''
2026-06-10 23:21:00,959 WARNING app.processing.normalize_worker: raw_document 3559 (external_id=doc-003780): citation_count: could not parse integer: 'many'
2026-06-10 23:21:00,959 WARNING app.processing.normalize_worker: raw_document 3560 (external_id=doc-003781): status: unrecognized status: ''
2026-06-10 23:21:00,959 WARNING app.processing.normalize_worker: raw_document 3562 (external_id=doc-003783): status: unrecognized status: ''
2026-06-10 23:21:00,960 WARNING app.processing.normalize_worker: raw_document 3563 (external_id=doc-003784): published_at: could not parse date: 'invalid-date'; updated_at: could not parse date: 'invalid-date'; status: unrecognized status: ''; citation_count: could not parse integer: 'many'
2026-06-10 23:21:00,960 WARNING app.processing.normalize_worker: raw_document 3566 (external_id=None): published_at: could not parse date: 'invalid-date'; updated_at: could not parse date: 'invalid-date'; status: unrecognized status: ''
2026-06-10 23:21:00,960 WARNING app.processing.normalize_worker: raw_document 3567 (external_id=doc-003789): tags: tags list contained non-string elements, which were dropped
2026-06-10 23:21:00,960 WARNING app.processing.normalize_worker: raw_document 3568 (external_id=None): published_at: could not parse date: 'invalid-date'
2026-06-10 23:21:00,960 WARNING app.processing.normalize_worker: raw_document 3571 (external_id=doc-003793): citation_count: could not parse integer: 'many'
2026-06-10 23:21:00,961 WARNING app.processing.normalize_worker: raw_document 3576 (external_id=doc-003799): status: unrecognized status: ''; tags: unexpected type for tags: int: 123
2026-06-10 23:21:00,961 WARNING app.processing.normalize_worker: raw_document 3583 (external_id=doc-003807): status: unrecognized status: ''
2026-06-10 23:21:00,962 WARNING app.processing.normalize_worker: raw_document 3587 (external_id=doc-003811): tags: unexpected type for tags: int: 123
2026-06-10 23:21:00,962 WARNING app.processing.normalize_worker: raw_document 3590 (external_id=doc-003814): status: unrecognized status: ''
2026-06-10 23:21:00,962 WARNING app.processing.normalize_worker: raw_document 3591 (external_id=doc-003815): status: unrecognized status: ''
2026-06-10 23:21:00,962 WARNING app.processing.normalize_worker: raw_document 3595 (external_id=doc-003819): word_count: could not parse integer: 'lots'
2026-06-10 23:21:00,963 WARNING app.processing.normalize_worker: raw_document 3596 (external_id=doc-003820): status: unrecognized status: ''
2026-06-10 23:21:00,963 WARNING app.processing.normalize_worker: raw_document 3597 (external_id=None): status: unrecognized status: ''
2026-06-10 23:21:00,963 WARNING app.processing.normalize_worker: raw_document 3599 (external_id=doc-003823): updated_at: could not parse date: '2023-13-45'
2026-06-10 23:21:00,963 WARNING app.processing.normalize_worker: raw_document 3600 (external_id=doc-003824): updated_at: could not parse date: '2023-13-45'
2026-06-10 23:21:00,974 WARNING app.processing.normalize_worker: raw_document 3601 (external_id=doc-003825): published_at: could not parse date: 'invalid-date'
2026-06-10 23:21:00,974 WARNING app.processing.normalize_worker: raw_document 3602 (external_id=doc-003826): published_at: could not parse date: 'invalid-date'
2026-06-10 23:21:00,975 WARNING app.processing.normalize_worker: raw_document 3603 (external_id=doc-003827): published_at: could not parse date: 'invalid-date'
2026-06-10 23:21:00,975 WARNING app.processing.normalize_worker: raw_document 3605 (external_id=doc-003829): updated_at: could not parse date: '2023-13-45'
2026-06-10 23:21:00,975 WARNING app.processing.normalize_worker: raw_document 3610 (external_id=doc-003834): citation_count: could not parse integer: 'many'
2026-06-10 23:21:00,975 WARNING app.processing.normalize_worker: raw_document 3611 (external_id=doc-003835): status: unrecognized status: ''
2026-06-10 23:21:00,975 WARNING app.processing.normalize_worker: raw_document 3612 (external_id=None): updated_at: could not parse date: '2023-13-45'
2026-06-10 23:21:00,976 WARNING app.processing.normalize_worker: raw_document 3613 (external_id=doc-003837): word_count: could not parse integer: 'lots'
2026-06-10 23:21:00,976 WARNING app.processing.normalize_worker: raw_document 3617 (external_id=doc-003841): published_at: could not parse date: '2023-13-45'
2026-06-10 23:21:00,976 WARNING app.processing.normalize_worker: raw_document 3618 (external_id=None): citation_count: could not parse integer: 'many'
2026-06-10 23:21:00,976 WARNING app.processing.normalize_worker: raw_document 3619 (external_id=doc-003843): word_count: could not parse integer: 'lots'
2026-06-10 23:21:00,976 WARNING app.processing.normalize_worker: raw_document 3622 (external_id=doc-003846): tags: unexpected type for tags: int: 123
2026-06-10 23:21:00,977 WARNING app.processing.normalize_worker: raw_document 3624 (external_id=doc-003848): relevance_score: could not parse float: 'high'
2026-06-10 23:21:00,977 WARNING app.processing.normalize_worker: raw_document 3628 (external_id=doc-003852): updated_at: could not parse date: '2023-13-45'
2026-06-10 23:21:00,978 WARNING app.processing.normalize_worker: raw_document 3634 (external_id=doc-003858): citation_count: could not parse integer: 'many'
2026-06-10 23:21:00,978 WARNING app.processing.normalize_worker: raw_document 3636 (external_id=doc-003860): status: unrecognized status: ''
2026-06-10 23:21:00,978 WARNING app.processing.normalize_worker: raw_document 3638 (external_id=doc-003862): published_at: could not parse date: '2023-13-45'; word_count: could not parse integer: 'lots'
2026-06-10 23:21:00,978 WARNING app.processing.normalize_worker: raw_document 3640 (external_id=doc-003864): tags: unexpected type for tags: int: 123
2026-06-10 23:21:00,978 WARNING app.processing.normalize_worker: raw_document 3642 (external_id=doc-003866): updated_at: could not parse date: 'invalid-date'; tags: tags list contained non-string elements, which were dropped
2026-06-10 23:21:00,979 WARNING app.processing.normalize_worker: raw_document 3643 (external_id=doc-003867): published_at: could not parse date: 'invalid-date'
2026-06-10 23:21:00,979 WARNING app.processing.normalize_worker: raw_document 3645 (external_id=None): published_at: could not parse date: '2023-13-45'
2026-06-10 23:21:00,979 WARNING app.processing.normalize_worker: raw_document 3647 (external_id=None): published_at: could not parse date: '2023-13-45'
2026-06-10 23:21:00,979 WARNING app.processing.normalize_worker: raw_document 3653 (external_id=doc-003878): word_count: could not parse integer: 'lots'
2026-06-10 23:21:00,980 WARNING app.processing.normalize_worker: raw_document 3658 (external_id=None): citation_count: could not parse integer: 'many'
2026-06-10 23:21:00,980 WARNING app.processing.normalize_worker: raw_document 3660 (external_id=None): published_at: could not parse date: 'invalid-date'; word_count: could not parse integer: 'lots'
2026-06-10 23:21:00,980 WARNING app.processing.normalize_worker: raw_document 3661 (external_id=doc-003888): tags: tags list contained non-string elements, which were dropped
2026-06-10 23:21:00,980 WARNING app.processing.normalize_worker: raw_document 3665 (external_id=doc-003892): word_count: could not parse integer: 'lots'
2026-06-10 23:21:00,981 WARNING app.processing.normalize_worker: raw_document 3666 (external_id=doc-003893): word_count: could not parse integer: 'lots'
2026-06-10 23:21:00,981 WARNING app.processing.normalize_worker: raw_document 3669 (external_id=None): relevance_score: could not parse float: 'high'
2026-06-10 23:21:00,981 WARNING app.processing.normalize_worker: raw_document 3670 (external_id=doc-003897): status: unrecognized status: ''
2026-06-10 23:21:00,981 WARNING app.processing.normalize_worker: raw_document 3671 (external_id=doc-003898): citation_count: could not parse integer: 'many'
2026-06-10 23:21:00,981 WARNING app.processing.normalize_worker: raw_document 3676 (external_id=doc-003904): status: unrecognized status: ''
2026-06-10 23:21:00,982 WARNING app.processing.normalize_worker: raw_document 3677 (external_id=doc-003905): updated_at: could not parse date: '2023-13-45'
2026-06-10 23:21:00,982 WARNING app.processing.normalize_worker: raw_document 3681 (external_id=doc-003909): status: unrecognized status: ''; relevance_score: could not parse float: 'high'; tags: unexpected type for tags: int: 123
2026-06-10 23:21:00,982 WARNING app.processing.normalize_worker: raw_document 3682 (external_id=None): published_at: could not parse date: 'invalid-date'
2026-06-10 23:21:00,982 WARNING app.processing.normalize_worker: raw_document 3684 (external_id=doc-003912): word_count: could not parse integer: 'lots'
2026-06-10 23:21:00,983 WARNING app.processing.normalize_worker: raw_document 3688 (external_id=None): status: unrecognized status: ''; citation_count: could not parse integer: 'many'
2026-06-10 23:21:00,983 WARNING app.processing.normalize_worker: raw_document 3689 (external_id=doc-003917): word_count: could not parse integer: 'lots'
2026-06-10 23:21:00,983 WARNING app.processing.normalize_worker: raw_document 3691 (external_id=doc-003919): tags: unexpected type for tags: int: 123
2026-06-10 23:21:00,983 WARNING app.processing.normalize_worker: raw_document 3693 (external_id=doc-003921): published_at: could not parse date: 'invalid-date'; updated_at: could not parse date: 'invalid-date'
2026-06-10 23:21:00,983 WARNING app.processing.normalize_worker: raw_document 3694 (external_id=doc-003922): status: unrecognized status: ''
2026-06-10 23:21:00,984 WARNING app.processing.normalize_worker: raw_document 3696 (external_id=doc-003924): published_at: could not parse date: 'invalid-date'; relevance_score: could not parse float: 'high'
2026-06-10 23:21:00,984 WARNING app.processing.normalize_worker: raw_document 3706 (external_id=doc-003934): published_at: could not parse date: 'invalid-date'; status: unrecognized status: ''
2026-06-10 23:21:00,985 WARNING app.processing.normalize_worker: raw_document 3708 (external_id=doc-003936): published_at: could not parse date: 'invalid-date'
2026-06-10 23:21:00,985 WARNING app.processing.normalize_worker: raw_document 3709 (external_id=doc-003937): status: unrecognized status: ''; tags: tags list contained non-string elements, which were dropped
2026-06-10 23:21:00,985 WARNING app.processing.normalize_worker: raw_document 3711 (external_id=doc-003939): updated_at: could not parse date: '2023-13-45'; word_count: could not parse integer: 'lots'
2026-06-10 23:21:00,985 WARNING app.processing.normalize_worker: raw_document 3714 (external_id=doc-003943): relevance_score: could not parse float: 'high'
2026-06-10 23:21:00,986 WARNING app.processing.normalize_worker: raw_document 3720 (external_id=doc-003950): updated_at: could not parse date: 'invalid-date'
2026-06-10 23:21:00,986 WARNING app.processing.normalize_worker: raw_document 3726 (external_id=doc-003956): word_count: could not parse integer: 'lots'
2026-06-10 23:21:00,986 WARNING app.processing.normalize_worker: raw_document 3727 (external_id=doc-003957): updated_at: could not parse date: 'invalid-date'
2026-06-10 23:21:00,987 WARNING app.processing.normalize_worker: raw_document 3730 (external_id=doc-003960): updated_at: could not parse date: 'invalid-date'
2026-06-10 23:21:00,987 WARNING app.processing.normalize_worker: raw_document 3731 (external_id=doc-003961): status: unrecognized status: ''
2026-06-10 23:21:00,987 WARNING app.processing.normalize_worker: raw_document 3732 (external_id=None): published_at: could not parse date: '2023-13-45'
2026-06-10 23:21:00,987 WARNING app.processing.normalize_worker: raw_document 3734 (external_id=doc-003964): updated_at: could not parse date: 'invalid-date'
2026-06-10 23:21:00,987 WARNING app.processing.normalize_worker: raw_document 3735 (external_id=doc-003965): tags: tags list contained non-string elements, which were dropped
2026-06-10 23:21:00,988 WARNING app.processing.normalize_worker: raw_document 3739 (external_id=doc-003969): published_at: could not parse date: 'invalid-date'
2026-06-10 23:21:00,988 WARNING app.processing.normalize_worker: raw_document 3740 (external_id=doc-003970): updated_at: could not parse date: 'invalid-date'
2026-06-10 23:21:00,988 WARNING app.processing.normalize_worker: raw_document 3743 (external_id=doc-003973): status: unrecognized status: ''
2026-06-10 23:21:00,988 WARNING app.processing.normalize_worker: raw_document 3745 (external_id=doc-003976): published_at: could not parse date: '2023-13-45'
2026-06-10 23:21:00,989 WARNING app.processing.normalize_worker: raw_document 3749 (external_id=doc-003981): updated_at: could not parse date: 'invalid-date'; word_count: could not parse integer: 'lots'
2026-06-10 23:21:00,989 WARNING app.processing.normalize_worker: raw_document 3753 (external_id=doc-003985): relevance_score: could not parse float: 'high'
2026-06-10 23:21:00,989 WARNING app.processing.normalize_worker: raw_document 3756 (external_id=doc-003988): updated_at: could not parse date: '2023-13-45'
2026-06-10 23:21:00,989 WARNING app.processing.normalize_worker: raw_document 3759 (external_id=doc-003991): status: unrecognized status: ''
2026-06-10 23:21:00,990 WARNING app.processing.normalize_worker: raw_document 3761 (external_id=doc-003993): status: unrecognized status: ''
2026-06-10 23:21:00,990 WARNING app.processing.normalize_worker: raw_document 3766 (external_id=doc-003999): published_at: could not parse date: '2023-13-45'
2026-06-10 23:21:01,017 INFO app.processing.normalize_worker: stage 1: normalized 266 raw documents (remaining=0)
2026-06-10 23:21:01,017 INFO app.services.ingestion_service: app.processing.normalize_worker: processed=266 remaining=0
2026-06-10 23:21:01,324 INFO app.processing.duplicates_worker: stage 2: processed 500 documents (remaining=643)
2026-06-10 23:21:01,325 INFO app.services.ingestion_service: app.processing.duplicates_worker: processed=500 remaining=643
2026-06-10 23:21:01,355 INFO app.processing.duplicates_worker: stage 2: processed 500 documents (remaining=143)
2026-06-10 23:21:01,355 INFO app.services.ingestion_service: app.processing.duplicates_worker: processed=500 remaining=143
2026-06-10 23:21:01,386 INFO app.processing.duplicates_worker: stage 2: processed 143 documents (remaining=0)
2026-06-10 23:21:01,386 INFO app.services.ingestion_service: app.processing.duplicates_worker: processed=143 remaining=0
2026-06-10 23:21:01,427 INFO app.processing.scoring_worker: stage 3: scored 500 documents (remaining=3266)
2026-06-10 23:21:01,428 INFO app.services.ingestion_service: app.processing.scoring_worker: processed=500 remaining=3266
2026-06-10 23:21:01,470 INFO app.processing.scoring_worker: stage 3: scored 500 documents (remaining=2766)
2026-06-10 23:21:01,471 INFO app.services.ingestion_service: app.processing.scoring_worker: processed=500 remaining=2766
2026-06-10 23:21:01,511 INFO app.processing.scoring_worker: stage 3: scored 500 documents (remaining=2266)
2026-06-10 23:21:01,512 INFO app.services.ingestion_service: app.processing.scoring_worker: processed=500 remaining=2266
2026-06-10 23:21:01,569 INFO app.processing.scoring_worker: stage 3: scored 500 documents (remaining=1766)
2026-06-10 23:21:01,570 INFO app.services.ingestion_service: app.processing.scoring_worker: processed=500 remaining=1766
2026-06-10 23:21:01,610 INFO app.processing.scoring_worker: stage 3: scored 500 documents (remaining=1266)
2026-06-10 23:21:01,610 INFO app.services.ingestion_service: app.processing.scoring_worker: processed=500 remaining=1266
2026-06-10 23:21:01,668 INFO app.processing.scoring_worker: stage 3: scored 500 documents (remaining=766)
2026-06-10 23:21:01,669 INFO app.services.ingestion_service: app.processing.scoring_worker: processed=500 remaining=766
2026-06-10 23:21:01,709 INFO app.processing.scoring_worker: stage 3: scored 500 documents (remaining=266)
2026-06-10 23:21:01,709 INFO app.services.ingestion_service: app.processing.scoring_worker: processed=500 remaining=266
2026-06-10 23:21:01,738 INFO app.processing.scoring_worker: stage 3: scored 266 documents (remaining=0)
2026-06-10 23:21:01,739 INFO app.services.ingestion_service: app.processing.scoring_worker: processed=266 remaining=0
2026-06-10 23:21:01,755 INFO app.services.ingestion_service: run 1: FINAL SUMMARY - total_lines=4000 raw_loaded=3766 skipped=234 normalized=3766 duplicates=2772 scored=3766 elapsed=2.74s
2026-06-10 23:21:01,755 INFO app.services.ingestion_service: run 1: pipeline completed
